player,team,league,position,nationality,secondNationality,active,dataset,age,elo,market_value,minutes,goals,assists,xg,shots
A. Adli,AFC Bournemouth,Premier League,Attacker,Morocco,France,yes,Europe,,,,,,,,
C. Riad,Crystal Palace FC,Premier League,Defender,Morocco,Spain,yes,Europe,,,,,,,,
A. Aznou,Everton FC,Premier League,Defender,Morocco,Spain,yes,Europe,,,,,,,,
I. Diop,Fulham FC,Premier League,Defender,Morocco,France,yes,Europe,,,,,,,,
N. Mazraoui,Manchester United FC,Premier League,Defender,Morocco,Netherlands,yes,Europe,,,,,,,,
C. Talbi,Sunderland AFC,Premier League,Attacker,Morocco,Belgium,yes,Europe,,,,,,,,
Y. Akhamrich,Tottenham Hotspur FC,Premier League,Attacker,Morocco,England,no,Europe,,,,,,,,
N. Aguerd,West Ham United FC,Premier League,Defender,Morocco,,no,Europe,,,,,,,,
Y. Oukili,Casa Pia AC,Primeira Liga,Midfielder,Morocco,Netherlands,no,Europe,,,,,,,,
A. Oudrhiri,Club Foot Estrela,Primeira Liga,Midfielder,Morocco,France,no,Europe,,,,,,,,
N. Touaizi,FC Alverca,Primeira Liga,Attacker,Morocco,Spain,yes,Europe,,,,,,,,
Z. Kessary,FC Alverca,Primeira Liga,Midfielder,Morocco,,yes,Europe,,,,,,,,
Y. Zabiri,FC Famalicão,Primeira Liga,Attacker,Morocco,,no,Europe,,,,,,,,
Y. Begraoui,GD Estoril Praia,Primeira Liga,Attacker,Morocco,France,yes,Europe,,,,,,,,
A. El Ouazzani,Sporting Braga,Primeira Liga,Attacker,Morocco,France,yes,Europe,,,,,,,,
A. Bellaarouch,Sporting Braga,Primeira Liga,Goalkeeper,Morocco,,yes,Europe,,,,,,,,
R. Bounida,AFC Ajax,Eredivisie,Attacker,Morocco,Belgium,yes,Europe,,,,,,,,
A. Ouazane,AFC Ajax,Eredivisie,Midfielder,Morocco,Netherlands,yes,Europe,,,,,,,,
W. Bouziane,Alkmaar Zaanstreek,Eredivisie,Attacker,Netherlands,Morocco,yes,Europe,,,,,,,,
A. Oufkir,Alkmaar Zaanstreek,Eredivisie,Attacker,Netherlands,Morocco,yes,Europe,,,,,,,,
Y. Taha,FC Groningen,Eredivisie,Attacker,Morocco,Netherlands,yes,Europe,,,,,,,,
I. El Maach,FC Twente,Eredivisie,Goalkeeper,Morocco,Netherlands,yes,Europe,,,,,,,,
R. El Arguioui,FC Utrecht,Eredivisie,Midfielder,Morocco,Netherlands,yes,Europe,,,,,,,,
O. Agougil,FC Utrecht,Eredivisie,Midfielder,Netherlands,Morocco,yes,Europe,,,,,,,,
S. El Karouani,FC Utrecht,Eredivisie,Defender,Morocco,Netherlands,yes,Europe,,,,,,,,
B. Ould-Chikh,FC Volendam,Eredivisie,Attacker,Morocco,Netherlands,yes,Europe,,,,,,,,
N. Bukala,FC Volendam,Eredivisie,Midfielder,Netherlands,Morocco,yes,Europe,,,,,,,,
S. van Persie,Feyenoord Rotterdam,Eredivisie,Attacker,Netherlands,Morocco,yes,Europe,,,,,,,,
O. Targhalline,Feyenoord Rotterdam,Eredivisie,Midfielder,Morocco,,yes,Europe,,,,,,,,
A. Ouarghi,Feyenoord Rotterdam,Eredivisie,Midfielder,Netherlands,Morocco,yes,Europe,,,,,,,,
M. Ihattaren,Fortuna Sittard,Eredivisie,Midfielder,Netherlands,Morocco,yes,Europe,,,,,,,,
W. Elasri,Fortuna Sittard,Eredivisie,Midfielder,Netherlands,Morocco,yes,Europe,,,,,,,,
Y. Salah Rahmouni,Go Ahead Eagles,Eredivisie,Midfielder,Netherlands,Morocco,yes,Europe,,,,,,,,
W. Ould-Chikh,Heracles Almelo,Eredivisie,Midfielder,Netherlands,Morocco,yes,Europe,,,,,,,,
A. Salama,NAC Breda,Eredivisie,Attacker,France,Morocco,yes,Europe,,,,,,,,
B. Ghalidi,NAC Breda,Eredivisie,Attacker,Morocco,Belgium,yes,Europe,,,,,,,,
M. Nassoh,NAC Breda,Eredivisie,Midfielder,Morocco,Netherlands,yes,Europe,,,,,,,,
S. Ouaissa,Nijmegen Eendracht Combinatie,Eredivisie,Midfielder,Netherlands,Morocco,yes,Europe,,,,,,,,
Y. Moslih,Nijmegen Eendracht Combinatie,Eredivisie,Defender,Netherlands,Morocco,yes,Europe,,,,,,,,
Y. El Kachati,Nijmegen Eendracht Combinatie,Eredivisie,Attacker,Morocco,Netherlands,yes,Europe,,,,,,,,
Y. Sbai,Nijmegen Eendracht Combinatie,Eredivisie,Midfielder,Netherlands,Morocco,no,Europe,,,,,,,,
S. Lagsir,PEC Zwolle,Eredivisie,Attacker,Netherlands,Morocco,yes,Europe,,,,,,,,
Y. Namli,PEC Zwolle,Eredivisie,Attacker,Denmark,Morocco,yes,Europe,,,,,,,,
C. Driouech,PSV Eindhoven,Eredivisie,Attacker,Morocco,Netherlands,yes,Europe,,,,,,,,
I. Saibari,PSV Eindhoven,Eredivisie,Midfielder,Morocco,Belgium,yes,Europe,,,,,,,,
A. Salah-Eddine,PSV Eindhoven,Eredivisie,Defender,Morocco,Netherlands,yes,Europe,,,,,,,,
I. Bronkhorst,SBV Excelsior,Eredivisie,Defender,Netherlands,Morocco,yes,Europe,,,,,,,,
M. Hamdaoui,SC Telstar,Eredivisie,Attacker,Netherlands,Morocco,no,Europe,,,,,,,,
S. Hetli,SC Telstar,Eredivisie,Attacker,Netherlands,Morocco,yes,Europe,,,,,,,,
A. Bouchouari,SC Telstar,Eredivisie,Defender,Netherlands,Morocco,yes,Europe,,,,,,,,
A. Lechkar,SC Telstar,Eredivisie,Defender,Netherlands,Morocco,yes,Europe,,,,,,,,
Y. el Meftahi,Sparta Rotterdam,Eredivisie,Midfielder,Netherlands,Morocco,yes,Europe,,,,,,,,
F. Harchaoui,1. FC Köln,Bundesliga,Midfielder,Germany,Morocco,yes,Europe,,,,,,,,
E. Ben Seghir,Bayer 04 Leverkusen,Bundesliga,Attacker,Morocco,France,yes,Europe,,,,,,,,
W. Mohya,Borussia VfL Mönchengladbach,Bundesliga,Midfielder,Germany,Morocco,yes,Europe,,,,,,,,
A. Amaimouni-Echghouyab,Eintracht Frankfurt,Bundesliga,Attacker,Morocco,Spain,yes,Europe,,,,,,,,
Y. Ebnoutalib,Eintracht Frankfurt,Bundesliga,Attacker,Germany,Morocco,yes,Europe,,,,,,,,
A. Dardari,FC Augsburg,Bundesliga,Attacker,Luxembourg,Morocco,no,Europe,,,,,,,,
L. Openda,RasenBallsport Leipzig,Bundesliga,Attacker,Belgium,Morocco,no,Europe,,,,,,,,
B. El Khannouss,VfB Stuttgart 1893,Bundesliga,Midfielder,Morocco,Belgium,yes,Europe,,,,,,,,
Y. Benchaouch,AS Monaco FC,Ligue 1,Goalkeeper,Morocco,France,yes,Europe,,,,,,,,
A. Sbaï,Angers Sporting Club de l'Ouest,Ligue 1,Attacker,Morocco,France,yes,Europe,,,,,,,,
Y. Belkhdim,Angers Sporting Club de l'Ouest,Ligue 1,Midfielder,Morocco,France,yes,Europe,,,,,,,,
S. Agouzoul,Association Jeunesse Auxerroise,Ligue 1,Defender,Morocco,,no,Europe,,,,,,,,
O. El Azzouzi,Association Jeunesse Auxerroise,Ligue 1,Midfielder,Morocco,Netherlands,yes,Europe,,,,,,,,
I. Guerti,FC Metz,Ligue 1,Midfielder,Morocco,France,yes,Europe,,,,,,,,
Y. El-Arabi,FC Nantes,Ligue 1,Attacker,Morocco,France,yes,Europe,,,,,,,,
O. El Hajjam,Le Havre AC,Ligue 1,Defender,Morocco,France,no,Europe,,,,,,,,
Y. Kechta,Le Havre AC,Ligue 1,Midfielder,Morocco,France,yes,Europe,,,,,,,,
S. Boufal,Le Havre AC,Ligue 1,Midfielder,Morocco,France,yes,Europe,,,,,,,,
O. Sahraoui,Lille OSC,Ligue 1,Attacker,Morocco,Norway,yes,Europe,,,,,,,,
H. Igamane,Lille OSC,Ligue 1,Attacker,Morocco,,yes,Europe,,,,,,,,
A. Bouaddi,Lille OSC,Ligue 1,Midfielder,France,Morocco,yes,Europe,,,,,,,,
S. Diop,OGC Nice Côte d'Azur,Ligue 1,Midfielder,Morocco,France,yes,Europe,,,,,,,,
H. Koutoune,OGC Nice Côte d'Azur,Ligue 1,Defender,Morocco,,no,Europe,,,,,,,,
A. Ounahi,Olympique de Marseille,Ligue 1,Midfielder,Morocco,,no,Europe,,,,,,,,
B. Nadir,Olympique de Marseille,Ligue 1,Midfielder,Morocco,France,yes,Europe,,,,,,,,
A. Harit,Olympique de Marseille,Ligue 1,Midfielder,Morocco,France,no,Europe,,,,,,,,
M. Tourraine,Paris FC,Ligue 1,Defender,Morocco,France,no,Europe,,,,,,,,
S. Alakouch,Paris FC,Ligue 1,Defender,Morocco,France,yes,Europe,,,,,,,,
A. Hakimi,Paris Saint-Germain FC,Ligue 1,Defender,Morocco,Spain,yes,Europe,,,,,,,,
Y. Khafi,Paris Saint-Germain FC,Ligue 1,Midfielder,France,Morocco,yes,Europe,,,,,,,,
G. Yassine,RC Strasbourg Alsace,Ligue 1,Attacker,Morocco,France,yes,Europe,,,,,,,,
S. El Mourabet,RC Strasbourg Alsace,Ligue 1,Midfielder,Morocco,France,yes,Europe,,,,,,,,
A. Aït Boudlal,Stade Rennais FC,Ligue 1,Defender,Morocco,,yes,Europe,,,,,,,,
I. Salah,Stade Rennais FC,Ligue 1,Attacker,Morocco,Belgium,no,Europe,,,,,,,,
A. Akabou,Stade Rennais FC,Ligue 1,Goalkeeper,France,Morocco,yes,Europe,,,,,,,,
A. El Ouali,Toulouse FC,Ligue 1,Midfielder,France,Morocco,yes,Europe,,,,,,,,
I. Azizi,Toulouse FC,Ligue 1,Attacker,France,Morocco,yes,Europe,,,,,,,,
A. Sabiri,ACF Fiorentina,Serie A,Midfielder,Morocco,Germany,yes,Europe,,,,,,,,
A. Richardson,ACF Fiorentina,Serie A,Midfielder,Morocco,France,no,Europe,,,,,,,,
N. El Aynaoui,AS Roma,Serie A,Midfielder,Morocco,France,yes,Europe,,,,,,,,
N. Byar,Bologna FC 1909,Serie A,Midfielder,Morocco,France,no,Europe,,,,,,,,
R. Idrissi,Cagliari Calcio,Serie A,Defender,Italy,Morocco,yes,Europe,,,,,,,,
A. Harroui,Hellas Verona FC,Serie A,Midfielder,Morocco,Netherlands,yes,Europe,,,,,,,,
J. Rouhi,Juventus FC,Serie A,Defender,Sweden,Morocco,no,Europe,,,,,,,,
A. Haj Mohamed,Parma Calcio 1913,Serie A,Attacker,Tunisia,Morocco,no,Europe,,,,,,,,
M. Guendouzi,SS Lazio,Serie A,Midfielder,France,Morocco,no,Europe,,,,,,,,
R. Belahyane,SS Lazio,Serie A,Midfielder,Morocco,France,yes,Europe,,,,,,,,
W. Cheddira,SSC Napoli,Serie A,Attacker,Morocco,Italy,no,Europe,,,,,,,,
A. Masina,Torino FC,Serie A,Defender,Morocco,Italy,no,Europe,,,,,,,,
Z. Aboukhlal,Torino FC,Serie A,Attacker,Morocco,Netherlands,yes,Europe,,,,,,,,
Y. Maleh,US Cremonese,Serie A,Midfielder,Morocco,Italy,yes,Europe,,,,,,,,
M. Sannadi,Athletic Club,Primera División,Attacker,Morocco,Spain,yes,Europe,,,,,,,,
Y. Enríquez,Deportivo Alavés,Primera División,Defender,Morocco,Spain,yes,Europe,,,,,,,,
A. Houary,Elche CF,Primera División,Attacker,Morocco,Spain,no,Europe,,,,,,,,
M. El Ghezouani,Elche CF,Primera División,Attacker,Morocco,Spain,no,Europe,,,,,,,,
N. Al Lal,Elche CF,Primera División,Attacker,Morocco,Spain,no,Europe,,,,,,,,
A. El Mokhtari,Elche CF,Primera División,Attacker,Morocco,Spain,yes,Europe,,,,,,,,
I. Bekhoucha,Getafe CF,Primera División,Defender,Morocco,Spain,yes,Europe,,,,,,,,
Y. Tallal,Getafe CF,Primera División,Attacker,Morocco,Spain,yes,Europe,,,,,,,,
A. Abqar,Getafe CF,Primera División,Defender,Morocco,,yes,Europe,,,,,,,,
I. Akhomach,Rayo Vallecano de Madrid,Primera División,Attacker,Morocco,Spain,yes,Europe,,,,,,,,
S. Amrabat,Real Betis Balompié,Primera División,Midfielder,Morocco,Netherlands,yes,Europe,,,,,,,,
A. Ezzalzouli,Real Betis Balompié,Primera División,Attacker,Morocco,Spain,yes,Europe,,,,,,,,
J. El Abdellaoui,Real Club Celta de Vigo,Primera División,Attacker,Morocco,Norway,yes,Europe,,,,,,,,
I. Salhi,Real Club Deportivo Mallorca,Primera División,Defender,France,Morocco,yes,Europe,,,,,,,,
Brahim Díaz,Real Madrid CF,Primera División,Midfielder,Morocco,Spain,yes,Europe,,,,,,,,
Thiago Pitarch,Real Madrid CF,Primera División,Midfielder,Spain,Morocco,yes,Europe,,,,,,,,
I. Chaira,Real Oviedo,Primera División,Attacker,Morocco,Spain,yes,Europe,,,,,,,,
O. El Hilali,Reial Club Deportiu Espanyol de Barcelona,Primera División,Defender,Morocco,Spain,yes,Europe,,,,,,,,
N. Moutha-Sebtaoui,FCV Dender EH,First Division A,Defender,Morocco,Belgium,yes,Europe,,,,,,,,
H. Essaoubi,KAA Gent,First Division A,Defender,Morocco,,yes,Europe,,,,,,,,
M. El Âdfaoui,KAA Gent,First Division A,Midfielder,Belgium,Morocco,yes,Europe,,,,,,,,
I. Kandouss,KAA Gent,First Division A,Defender,Morocco,France,no,Europe,,,,,,,,
Z. El Ouahdi,KRC Genk,First Division A,Defender,Morocco,Belgium,yes,Europe,,,,,,,,
R. Halhal,KV Mechelen,First Division A,Defender,Morocco,France,yes,Europe,,,,,,,,
A. Et-Taïbi,KV Mechelen,First Division A,Defender,Morocco,Belgium,no,Europe,,,,,,,,
A. Ouahabi,KV Mechelen,First Division A,Midfielder,Morocco,Belgium,yes,Europe,,,,,,,,
M. Zekri,KV Mechelen,First Division A,Defender,Morocco,Belgium,yes,Europe,,,,,,,,
R. Laalaloui,KVC Westerlo,First Division A,Midfielder,Morocco,,yes,Europe,,,,,,,,
N. Bohamdi-Kamoni,KVC Westerlo,First Division A,Attacker,Belgium,Morocco,yes,Europe,,,,,,,,
Y. Azzouz,Oud-Heverlee Leuven,First Division A,Midfielder,Morocco,Belgium,yes,Europe,,,,,,,,
Y. Maziz,Oud-Heverlee Leuven,First Division A,Midfielder,France,Morocco,yes,Europe,,,,,,,,
S. Lahssaini,RAAL La Louvière,First Division A,Midfielder,Belgium,Morocco,yes,Europe,,,,,,,,
A. Tajaouart,RSC Anderlecht,First Division A,Midfielder,Morocco,Belgium,yes,Europe,,,,,,,,
A. Maamar,RSC Anderlecht,First Division A,Defender,Morocco,Belgium,yes,Europe,,,,,,,,
E. Dao,RSC Anderlecht,First Division A,Attacker,Morocco,France,yes,Europe,,,,,,,,
Y. Hamdaoui,Royal Antwerp FC,First Division A,Midfielder,Morocco,Belgium,yes,Europe,,,,,,,,
M. Boukamir,Royal Charleroi SC,First Division A,Defender,Morocco,Belgium,yes,Europe,,,,,,,,
Y. Khalifi,Royal Charleroi SC,First Division A,Midfielder,Morocco,,yes,Europe,,,,,,,,
A. Boukamir,Royal Charleroi SC,First Division A,Midfielder,Morocco,Belgium,yes,Europe,,,,,,,,
A. Mulumba,Royal Charleroi SC,First Division A,Attacker,Belgium,Morocco,no,Europe,,,,,,,,
M. El Hankouri,Royal Standard de Liège,First Division A,Attacker,Morocco,Netherlands,yes,Europe,,,,,,,,
A. Abid,Royal Standard de Liège,First Division A,Attacker,Belgium,Morocco,yes,Europe,,,,,,,,
A. Ait El Hadj,Royale Union Saint-Gilloise,First Division A,Midfielder,Belgium,Morocco,yes,Europe,,,,,,,,
S. Berradi,Royale Union Saint-Gilloise,First Division A,Midfielder,Belgium,Morocco,yes,Europe,,,,,,,,
I. Benachour,Sint-Truidense VV,First Division A,Midfielder,Morocco,Belgium,yes,Europe,,,,,,,,
I. Sebaoui,Sint-Truidense VV,First Division A,Attacker,Morocco,Belgium,yes,Europe,,,,,,,,
Younes El Khalfi, Olympique Dcheïra,Botola, LB,Morocco,,yes,Botola, 31,31,0.005,,,,,
 Mohamed Baayou, Kawkab Marrakech,Botola, GK,Morocco,,yes,Botola, 33,35,0.004,,,,,
 D. El Abdi, COD Meknes,Botola, CB,Morocco,,yes,Botola, 32,33,0.02,,,,,
 Y. Boughaz, Olympique Dcheïra,Botola, RB,Morocco,,yes,Botola, 32,35,0.008,,,,,
 A. Kernane, Olympic Safi,Botola, GK,Morocco,,yes,Botola, 26,35,0.02,,,,,
 I. Sabik, Difaâ El Jadida,Botola, ST,Morocco,,yes,Botola, 28,27,0.001,,,,,
 Amjad Sabile, Olympic Safi,Botola, ST,Morocco,,yes,Botola, 23,27,0.015,,,,,
 N. Ait Oubna, Kawkab Marrakech,Botola, GK,Morocco,,yes,Botola, 25,35,0.001,,,,,
 J. Khalouk, Kawkab Marrakech,Botola, CB,Morocco,,yes,Botola, 27,33,0.008,,,,,
 Mohamed El Ouardi, Wydad Casablanca,Botola, LW,Morocco,,yes,Botola, 25,27,0.044,,,,,
 I. Askar, Olympic Safi,Botola, GK,Morocco,,yes,Botola, 27,33,0.028,,,,,
 M. Boumlik, Olympique Dcheïra,Botola, CB,Morocco,,yes,Botola, 28,35,0.054,,,,,
 S. Jazouli, Olympique Dcheïra,Botola, LW,Morocco,,yes,Botola, 30,34,0.021,,,,,
 Rayane Benssy, Wydad Casablanca,Botola, CM,Morocco,,yes,Botola, 22,31,0.005,,,,,
 M. Mouchtanim, Difaâ El Jadida,Botola, CM,Morocco,,yes,Botola, 27,36,0.039,,,,,
 A. Bouadli, Yacoub El Mansour,Botola, CM,Morocco,,yes,Botola, 26,30,0.005,,,,,
 A. Oussarhan, Olympique Dcheïra,Botola, ST,Morocco,,yes,Botola, 24,32,0.034,,,,,
 N. Chninak, Ittihad Tanger,Botola, ST,Morocco,,yes,Botola, 19,32,0.001,,,,,
 M. Fretese, FUS Rabat,Botola, ST,Morocco,,yes,Botola, -,27,0.001,,,,,
 M. Ouyahia, RS Berkane,Botola, CM,Morocco,,yes,Botola, 20,33,0.045,,,,,
 Adnane El Ahmer, Raja Casablanca,Botola, ST,Morocco,,yes,Botola, 19,27,0.003,,,,,
 A. Hanin, FUS Rabat,Botola, ST,Morocco,,yes,Botola, 20,27,0.001,,,,,
 A. Ennair, FUS Rabat,Botola, RW,Morocco,,yes,Botola, 19,27,0.001,,,,,
 M. Radouane, FUS Rabat,Botola, CM,Morocco,,yes,Botola, 18,31,0.011,,,,,
 S. Chaouma, FUS Rabat,Botola, ST,Morocco,,yes,Botola, -,27,0.001,,,,,
 Y. Lakhal, Renaissance Zemamra,Botola, ST,Morocco,,yes,Botola, 25,34,0.011,,,,,
 O. Srhiri, Kawkab Marrakech,Botola, ST,Morocco,,yes,Botola, 22,27,0.007,,,,,
 M. Nachet, Raja Casablanca,Botola, ST,Morocco,,yes,Botola, 23,27,0.012,,,,,
 H. Rafia, Kawkab Marrakech,Botola, CM,Morocco,,yes,Botola, 24,33,0.031,,,,,
 Anas El Makkaoui, FUS Rabat,Botola, DM,Morocco,,yes,Botola, 20,36,0.206,,,,,
 O. Ichou, Olympic Safi,Botola, CM,Morocco,,yes,Botola, 20,31,0.024,,,,,
 W. Atik, Olympic Safi,Botola, RB,Morocco,,yes,Botola, 24,33,0.03,,,,,
 Mouhammed El Jadidi, Wydad Casablanca,Botola, CB,Morocco,,yes,Botola, 21,35,0.177,,,,,
 Oussama Errahmany, Maghreb Fes,Botola, GK,Morocco,,yes,Botola, 22,35,0.119,,,,,
 Mohamed Hilali, Difaâ El Jadida,Botola, CM,Morocco,,yes,Botola, 27,33,0.011,,,,,
 Mohamed Benhita, Kawkab Marrakech,Botola, CB,Morocco,,yes,Botola, 20,31,0.002,,,,,
 M. Adjar, Olympique Dcheïra,Botola, CM,Morocco,,yes,Botola, 23,33,0.012,,,,,
 S. Nassik, Yacoub El Mansour,Botola, CM,Morocco,,yes,Botola, 23,31,0.134,,,,,
 Y. El Kaabi, RS Berkane,Botola, ST,Morocco,,yes,Botola, 25,36,0.023,,,,,
 O. Benchchaoui, Difaâ El Jadida,Botola, RB,Morocco,,yes,Botola, 25,35,0.068,,,,,
 Abdullah Mani, Olympique Dcheïra,Botola, CB,Morocco,,yes,Botola, -,31,0.001,,,,,
 M. Boustane, Yacoub El Mansour,Botola, ST,Morocco,,yes,Botola, 33,34,0.002,,,,,
 Mouad Enzo, COD Meknes,Botola, CAM,Morocco,,yes,Botola, 24,33,0.078,,,,,
 A. Lourhraz, COD Meknes,Botola, RB,Morocco,,yes,Botola, 25,35,0.062,,,,,
 Ayoub, Difaâ El Jadida,Botola, GK,Morocco,,yes,Botola, 24,31,0.005,,,,,
 A. Samoudi, Olympic Safi,Botola, RW,Morocco,,yes,Botola, 18,32,0.102,,,,,
 Y. El Amali, Hassania Agadir,Botola, LB,Morocco,,yes,Botola, 22,33,0.019,,,,,
 Omar Aqzdaou, Wydad Casablanca,Botola, GK,Morocco,,yes,Botola, 22,31,0.014,,,,,
 Zoubir Housni, UTS Rabat,Botola, ST,Morocco,,yes,Botola, 20,27,0.022,,,,,
 Mohamed Zinaf, COD Meknes,Botola, CAM,Morocco,,yes,Botola, 23,31,0.006,,,,,
 O. Msahli, COD Meknes,Botola, ST,Morocco,,yes,Botola, 22,27,0.001,,,,,
 Yassine Senhaji, COD Meknes,Botola, ST,Morocco,,yes,Botola, 19,27,0.021,,,,,
 Ismail Soubai, Olympique Dcheïra,Botola, CB,Morocco,,yes,Botola, 26,31,0.001,,,,,
 Akram Haimoud, Hassania Agadir,Botola, LB,Morocco,,yes,Botola, 21,31,0.004,,,,,
 Taha Majni, UTS Rabat,Botola, CB,Morocco,,yes,Botola, 18,35,0.027,,,,,
 Mohamed Ahayaoui, Yacoub El Mansour,Botola, CM,Morocco,,yes,Botola, 23,30,0.001,,,,,
 O. El Hamdaoui, Raja Casablanca,Botola, ST,Morocco,,yes,Botola, -,27,0.001,,,,,
 Moad Kharjan, Yacoub El Mansour,Botola, CM,Morocco,,yes,Botola, 28,35,0.001,,,,,
 R. Mahtou, Wydad Casablanca,Botola, DM,Morocco,,yes,Botola, 21,31,0.005,,,,,
 C. El Allaly, Wydad Casablanca,Botola, ST,Morocco,,yes,Botola, 19,27,0.002,,,,,
 Youssef Fahmi, Olympique Dcheïra,Botola, CM,Morocco,,yes,Botola, 28,31,0.002,,,,,
 S. Rihani, Wydad Casablanca,Botola, ST,Morocco,,yes,Botola, 20,27,0.001,,,,,
 Abderahim Salaheddine, Olympique Dcheïra,Botola, -,Morocco,,yes,Botola, 22,27,0.001,,,,,
 Khaled Hammi, COD Meknes,Botola, ST,Morocco,,yes,Botola, -,27,0.001,,,,,
 O. Raoui, Wydad Casablanca,Botola, ST,Morocco,,yes,Botola, -,27,0.001,,,,,
 I. Boumalk, Yacoub El Mansour,Botola, CM,Morocco,,yes,Botola, 28,30,0.001,,,,,
 A. Khouch, Yacoub El Mansour,Botola, CB,Morocco,,yes,Botola, 28,30,0.001,,,,,
 S. Salih, Yacoub El Mansour,Botola, ST,Morocco,,yes,Botola, 22,30,0.001,,,,,
 I. Badri, Yacoub El Mansour,Botola, CM,Morocco,,yes,Botola, 28,30,0.001,,,,,
 Azzedine Laftah, Raja Casablanca,Botola, ST,Morocco,,yes,Botola, -,27,0.001,,,,,
 S. Benhayyani, COD Meknes,Botola, ST,Morocco,,yes,Botola, -,27,0.001,,,,,
 Y. Noussir, Yacoub El Mansour,Botola, RB,Morocco,,yes,Botola, 31,36,0.001,,,,,
 Y. Karboub, Yacoub El Mansour,Botola, CM,Morocco,,yes,Botola, -,30,0.001,,,,,
 F. El Kaaba, Yacoub El Mansour,Botola, CM,Morocco,,yes,Botola, 22,30,0.001,,,,,
 M. Nasser, Yacoub El Mansour,Botola, CB,Morocco,,yes,Botola, 28,30,0.001,,,,,
 H. Kasbi, Yacoub El Mansour,Botola, GK,Morocco,,yes,Botola, 23,30,0.001,,,,,
 A. Ouahdani, RS Berkane,Botola, CM,Morocco,,yes,Botola, -,27,0.001,,,,,
 Achraf Idrissi, Difaâ El Jadida,Botola, ST,Morocco,,yes,Botola, 25,36,0.005,,,,,
 Ayoub Baki, Olympique Dcheïra,Botola, ST,Morocco,,yes,Botola, 22,27,0.001,,,,,
 Houssam Djellal, RS Berkane,Botola, ST,Morocco,,yes,Botola, 20,27,0.001,,,,,
 Zakaria Errays, Kawkab Marrakech,Botola, ST,Morocco,,yes,Botola, -,27,0.001,,,,,
 Abdessamad Sindid, Kawkab Marrakech,Botola, ST,Morocco,,yes,Botola, -,27,0.001,,,,,
 Hatim Mrabet, Yacoub El Mansour,Botola, CM,Morocco,,yes,Botola, 28,34,0.001,,,,,
 Souhaib Louarhli, Yacoub El Mansour,Botola, CM,Morocco,,yes,Botola, -,30,0.001,,,,,
 Youssef Legnibi, Yacoub El Mansour,Botola, DM,Morocco,,yes,Botola, 31,30,0.001,,,,,
 Ismail Hamiss, Yacoub El Mansour,Botola, ST,Morocco,,yes,Botola, 28,30,0.001,,,,,
 Hamouda Yaqoubi, Yacoub El Mansour,Botola, CM,Morocco,,yes,Botola, -,30,0.001,,,,,
 Ziad Nejjary, Raja Casablanca,Botola, ST,Morocco,,yes,Botola, 22,27,0.001,,,,,
 Rayan Amchrif, Yacoub El Mansour,Botola, ST,Morocco,,yes,Botola, 19,30,0.001,,,,,
 Zakaria Belemquadem, Yacoub El Mansour,Botola, CB,Morocco,,yes,Botola, -,30,0.001,,,,,
 Abdessamad Boulmany, Yacoub El Mansour,Botola, CM,Morocco,,yes,Botola, -,30,0.001,,,,,
 Hamza Zagmouzi, Kawkab Marrakech,Botola, ST,Morocco,,yes,Botola, 24,27,0.001,,,,,
 Yahya Saidaoui, RS Berkane,Botola, ST,Morocco,,yes,Botola, -,27,0.001,,,,,
 Issam El Yacoubi, Yacoub El Mansour,Botola, ST,Morocco,,yes,Botola, 26,30,0.001,,,,,
 Adem Achter, FUS Rabat,Botola, ST,Morocco,,yes,Botola, 19,27,0.001,,,,,
 Zakaria Ezzine, Yacoub El Mansour,Botola, CM,Morocco,,yes,Botola, -,30,0.001,,,,,
 Zakaria Aiada, UTS Rabat,Botola, ST,Morocco,,yes,Botola, 26,32,0.011,,,,,
 Zakaria Kassary, UTS Rabat,Botola, CB,Morocco,,yes,Botola, 20,33,0.039,,,,,
 Amine Balich, Renaissance Zemamra,Botola, LB,Morocco,,yes,Botola, 22,31,0.01,,,,,
 Mohamed Nasserallah, Yacoub El Mansour,Botola, -,Morocco,,yes,Botola, -,30,0.001,,,,,
Achi, CD Berceo,Botola, LW,Morocco,,yes,Botola,32,41,0.009,,,,,
 M. Chabboura, Atzeneta,Botola, RW,Morocco,,yes,Botola,31,41,0.04,,,,,
 Z. Bakkali, Ittihad Tanger,Botola, LW,Morocco,,yes,Botola,30,44,0.126,,,,,
 A. Lecomte-Addani, Al-Gharafa,Botola, GK,Morocco,,yes,Botola,35,42,0.074,,,,,
 N. Bahoui, -,Botola, ST,Morocco,,yes,Botola,35,44,0.361,,,,,
 S. Lkoutbi, -,Botola, RW,Morocco,,yes,Botola,33,41,0.022,,,,,
 F. Taarimte, Forbach,Botola, CAM,Morocco,,yes,Botola,31,43,0.118,,,,,
 F. Belarbi, VVOG,Botola, RW,Morocco,,yes,Botola,31,42,0.025,,,,,
 Kain Amoud, UB Conquense,Botola, RW,Morocco,,yes,Botola,28,43,0.063,,,,,
 I. Anan, Wattenscheid 09,Botola, RW,Morocco,,yes,Botola,30,43,0.023,,,,,
 A. Hamzaoui, -,Botola, LB,Morocco,,yes,Botola,29,43,0.249,,,,,
 M. Chaija, Sūduva,Botola, RW,Morocco,,yes,Botola,27,43,0.534,,,,,
 A. Salem, Haninge,Botola, RB,Morocco,,yes,Botola,27,41,0.058,,,,,
 P. Magambo, KCCA FC,Botola, DM,Morocco,,yes,Botola,26,42,0.092,,,,,
 S. Naili, FC Koniz,Botola, CM,Morocco,,yes,Botola,32,44,0.011,,,,,
 S. Labyad, -,Botola, ST,Morocco,,yes,Botola,27,42,0.037,,,,,
 H. Haouat, -,Botola, LW,Morocco,,yes,Botola,27,44,0.06,,,,,
 Soufian Haoufadi, Scanzorosciate,Botola, ST,Morocco,,yes,Botola,26,40,0.001,,,,,
 Abdel Belarbi, ASWH,Botola, ST,Morocco,,yes,Botola,24,44,0.001,,,,,
 Sabir Agougil, FC Paradiso,Botola, CM,Morocco,,yes,Botola,24,43,0.092,,,,,
 Hamza Ech Cheikh, Ibach,Botola, ST,Morocco,,yes,Botola,29,41,0.014,,,,,
 S. El Khiar, Canet Roussillon,Botola, CAM,Morocco,,yes,Botola,25,43,0.018,,,,,
 Samir Lagsir, PEC Zwolle,Botola, CAM,Morocco,,yes,Botola,22,41,0.267,,,,,
 J. Boutakhrit, Bayern Alzenau,Botola, ST,Morocco,,yes,Botola,25,44,0.114,,,,,
 W. Koutar, Colomiers,Botola, DM,Morocco,,yes,Botola,25,41,0.011,,,,,
 Monir, Alga Bishkek,Botola, LB,Morocco,,yes,Botola,27,42,0.066,,,,,
 Madyan Sounni, Châlonnais,Botola, RW,Morocco,,yes,Botola,23,44,0.001,,,,,
 M. El Arouch, Ittihad Tanger,Botola, CM,Morocco,,yes,Botola,21,40,0.284,,,,,
 Y. El Hilali, Orvietana Calcio,Botola, CAM,Morocco,,yes,Botola,22,42,0.042,,,,,
 Mehdi Loune, Alemannia Aachen,Botola, CAM,Morocco,,yes,Botola,21,44,0.253,,,,,
 Benjamin Atiabou, Werder Bremen II,Botola, RB,Morocco,,yes,Botola,22,42,0.146,,,,,
 Yousri Sbai, VVV Venlo,Botola, RB,Morocco,,yes,Botola,21,42,0.023,,,,,
 Mohammed Doudah, -,Botola, CM,Morocco,,yes,Botola,23,44,0.318,,,,,
 O. Taoualy, Moralo,Botola, CM,Morocco,,yes,Botola,25,44,0.01,,,,,
 Karim El Fakiri, Excelsior Maassluis,Botola, GK,Morocco,,yes,Botola,21,43,0.002,,,,,
 Hamza Haoudi, Pro Vercelli,Botola, CM,Morocco,,yes,Botola,24,45,0.157,,,,,
 R. Akbib, Jette,Botola, CB,Morocco,,yes,Botola,25,43,0.015,,,,,
 A. Imider, Polanka nad Odrou,Botola, LWB,Morocco,,yes,Botola,21,41,0.052,,,,,
 B. Moumou, 1860 München II,Botola, LW,Morocco,,yes,Botola,24,40,0.023,,,,,
 E. Barimil, Al Mesaimeer,Botola, RW,Morocco,,yes,Botola,24,43,0.287,,,,,
 W. Soudi, Rousset-Ste Victoire,Botola, RB,Morocco,,yes,Botola,28,42,0.011,,,,,
 I. Fakir, CD Don Benito,Botola, RW,Morocco,,yes,Botola,22,41,0.029,,,,,
 Ussama, UD Melilla B,Botola, CB,Morocco,,yes,Botola,24,44,0.022,,,,,
 A. Cherradi, Getafe B,Botola, CM,Morocco,,yes,Botola,22,42,0.072,,,,,
 Messo, Inter Escaldes,Botola, RW,Morocco,,yes,Botola,22,43,0.03,,,,,
 R. Zouhir, Egaleo,Botola, CM,Morocco,,yes,Botola,22,43,0.947,,,,,
 M. Achi, Rodez,Botola, CM,Morocco,,yes,Botola,24,43,0.268,,,,,
 A. Mohamed, Beerschot VA,Botola, RW,Morocco,,yes,Botola,20,43,1.804,,,,,
 Noah El Biache, Union Rochefortoise,Botola, RM,Morocco,,yes,Botola,21,45,0.136,,,,,
 Y. El Madi, Chatellerault,Botola, CB,Morocco,,yes,Botola,22,41,0.013,,,,,
 Ali Benelmir, Baden,Botola, LB,Morocco,,yes,Botola,20,42,0.016,,,,,
 Yasin Belhadj, B93,Botola, RW,Morocco,,yes,Botola,19,45,0.215,,,,,
 Zaki, RB Linense,Botola, ST,Morocco,,yes,Botola,23,43,0.021,,,,,
 H. Arbei, Karlsruher SC II,Botola, DM,Morocco,,yes,Botola,19,43,0.026,,,,,
 A. Bouda, -,Botola, CB,Morocco,,yes,Botola,20,40,0.01,,,,,
 Y. Chikhi, KFC Houtvenne,Botola, DM,Morocco,,yes,Botola,20,44,0.039,,,,,
 Saïd Saber, Besancon FC,Botola, CM,Morocco,,yes,Botola,21,42,0.067,,,,,
 Y. Dehli, -,Botola, CB,Morocco,,yes,Botola,19,44,0.027,,,,,
 Noa Autard, -,Botola, CM,Morocco,,yes,Botola,21,45,0.207,,,,,
 A. Darazi, Ittihad Tanger,Botola, DM,Morocco,,yes,Botola,21,41,0.051,,,,,
 I. Benlahrour, Stade Brestois II,Botola, LM,Morocco,,yes,Botola,19,40,0.001,,,,,
 Yanis Azouazi, -,Botola, CAM,Morocco,,yes,Botola,21,44,0.263,,,,,
 O. Lfareh, Sarrabus Ogliastra,Botola, LWB,Morocco,,yes,Botola,21,42,0.049,,,,,
 B. Merouga, -,Botola, ST,Morocco,,yes,Botola,20,44,0.035,,,,,
 M. Aubert, Servette,Botola, GK,Morocco,,yes,Botola,20,44,0.119,,,,,
 O. Achouitar, Vitesse,Botola, CB,Morocco,,yes,Botola,20,43,0.033,,,,,
 R. Atikallah, Jong AZ,Botola, CB,Morocco,,yes,Botola,19,44,0.298,,,,,
 I. Goudani, Excelsior Virton,Botola, CAM,Morocco,,yes,Botola,20,42,0.024,,,,,
 H. Bouraja, Olympique Alès,Botola, ST,Morocco,,yes,Botola,22,45,0.031,,,,,
 E. Achak, Ninove,Botola, LB,Morocco,,yes,Botola,20,41,0.026,,,,,
 A. Aoragh, Racing Mechelen,Botola, CAM,Morocco,,yes,Botola,21,45,0.013,,,,,
 Y. Lahrach, Union Namur,Botola, LB,Morocco,,yes,Botola,23,42,0.071,,,,,
 E. El Fattahi, Seyssinet,Botola, LB,Morocco,,yes,Botola,22,42,0.027,,,,,
 B. Khaderi, Jong PSV,Botola, CM,Morocco,,yes,Botola,18,45,0.021,,,,,
 S. Lazar, Jong Genk,Botola, LW,Morocco,,yes,Botola,19,45,0.387,,,,,
 H. Assehnoun, PuiU Helsinki,Botola, LW,Morocco,,yes,Botola,21,40,0.03,,,,,
 A. Bakoune, AC Monza,Botola, RB,Morocco,,yes,Botola,20,45,0.421,,,,,
 J. Regague, Green Gully Cavaliers,Botola, CB,Morocco,,yes,Botola,24,44,0.037,,,,,
 W. Ait Abdellah, RKAV Volendam,Botola, CB,Morocco,,yes,Botola,22,43,0.024,,,,,
 Z. Taifi, Orlando City,Botola, RB,Morocco,,yes,Botola,20,41,0.224,,,,,
 Ayoube Akabou, Stade Rennais,Botola, GK,Morocco,,yes,Botola,18,41,0.012,,,,,
 A. Bouzraa, Wuppertaler SV,Botola, RW,Morocco,,yes,Botola,23,44,0.034,,,,,
 Abdel-lah, UD Melilla,Botola, LW,Morocco,,yes,Botola,21,44,0.042,,,,,
 N. Amengai, Club NXT,Botola, CM,Morocco,,yes,Botola,18,44,0.147,,,,,
 A. Elmasnaouy, Oakland Roots,Botola, CAM,Morocco,,yes,Botola,20,42,0.013,,,,,
 Amir Belabid, FC Lahti,Botola, ST,Morocco,,yes,Botola,20,44,0.07,,,,,
 I. Gadiaga, US Monastir,Botola, ST,Morocco,,yes,Botola,21,43,0.001,,,,,
 S. Amaadacho, Bergisch Gladbach,Botola, LW,Morocco,,yes,Botola,21,42,0.084,,,,,
 Wael Mohya, B. Mönchengladbach,Botola, CAM,Morocco,,yes,Botola,17,45,0.028,,,,,
 Naël Ouajif, Dijon U19,Botola, -,Morocco,,yes,Botola,18,43,0.021,,,,,
 M. Nfati, Aviron Bayonnais,Botola, CM,Morocco,,yes,Botola,20,42,0.02,,,,,
 A. Kankonde, Charleroi II,Botola, ST,Morocco,,yes,Botola,18,40,0.036,,,,,
 I. Sadik, Cercle Brugge U21,Botola, CB,Morocco,,yes,Botola,18,45,0.044,,,,,
 S. Bourkaa, Locarno,Botola, LWB,Morocco,,yes,Botola,22,45,0.015,,,,,
 Adam El Ouali, Toulouse II,Botola, CM,Morocco,,yes,Botola,19,40,0.01,,,,,
 N. Blidi, Sevilla U19,Botola, CM,Morocco,,yes,Botola,18,41,0.002,,,,,
 S. Fillouche, Burgos CF B,Botola, ST,Morocco,,yes,Botola,19,41,0.024,,,,,
 S. Diki, Acren Lessines,Botola, CAM,Morocco,,yes,Botola,20,42,0.006,,,,,
 J. Naamad, Biellese,Botola, ST,Morocco,,yes,Botola,24,45,0.007,,,,,
Achraf El Idrissi, Difaâ El Jadida,Botola, CAM,Morocco,,yes,Botola, 30,26,0.001,,,,,
 Achraf Ramzi, FUS Rabat,Botola, CB,Morocco,,yes,Botola, 24,26,0.009,,,,,
 Youssef Aoujdal, Renaissance Zemamra,Botola, CB,Morocco,,yes,Botola, 24,26,0.001,,,,,
 J. Moussalli, FUS Rabat,Botola, RB,Morocco,,yes,Botola, 23,26,0.001,,,,,
 M. Al Asghar, FUS Rabat,Botola, CM,Morocco,,yes,Botola, 22,26,0.001,,,,,
 A. Bou Irkane, UTS Rabat,Botola, RB,Morocco,,yes,Botola, 22,26,0.015,,,,,
 H. Bousqal, UTS Rabat,Botola, DM,Morocco,,yes,Botola, 24,26,0.007,,,,,
 O. Dahr, FUS Rabat,Botola, CM,Morocco,,yes,Botola, -,26,0.001,,,,,
 Salaheddine Cofi, FUS Rabat,Botola, CM,Morocco,,yes,Botola, 22,26,0.001,,,,,
 M. Ramdani, RS Berkane,Botola, CM,Morocco,,yes,Botola, 23,26,0.002,,,,,
 B. Octobre, Hassania Agadir,Botola, DM,Morocco,,yes,Botola, 25,26,0.01,,,,,
 Y. Zoubir, Raja Casablanca,Botola, GK,Morocco,,yes,Botola, 24,26,0.005,,,,,
 A. Boulbir, Maghreb Fes,Botola, GK,Morocco,,yes,Botola, 31,26,0.002,,,,,
 I. El Alami, Kawkab Marrakech,Botola, CB,Morocco,,yes,Botola, 26,26,0.001,,,,,
 Abdellah Azrour, Raja Casablanca,Botola, CB,Morocco,,yes,Botola, 22,26,0.005,,,,,
 Hakim Mesbahi, FAR Rabat,Botola, GK,Morocco,,yes,Botola, 20,26,0.007,,,,,
 M. Bougaizane, FAR Rabat,Botola, RB,Morocco,,yes,Botola, 20,26,0.01,,,,,
 Adam Chakir, UTS Rabat,Botola, CM,Morocco,,yes,Botola, 20,26,0.024,,,,,
 I. Sadiki, FUS Rabat,Botola, GK,Morocco,,yes,Botola, 20,26,0.002,,,,,
 M. Kebdani, FAR Rabat,Botola, CB,Morocco,,yes,Botola, 19,26,0.002,,,,,
 K. Bilal, RS Berkane,Botola, GK,Morocco,,yes,Botola, 28,26,0.006,,,,,
 A. Sejjam, Renaissance Zemamra,Botola, CM,Morocco,,yes,Botola, 23,26,0.001,,,,,
 B. Allal, Renaissance Zemamra,Botola, CM,Morocco,,yes,Botola, 26,26,0.007,,,,,
 Abdesalem Achhab, FUS Rabat,Botola, LB,Morocco,,yes,Botola, 20,26,0.037,,,,,
 A. El Kadmiri, Renaissance Zemamra,Botola, CM,Morocco,,yes,Botola, -,26,0.01,,,,,
 M. Samoudi, Olympic Safi,Botola, CM,Morocco,,yes,Botola, 22,26,0.005,,,,,
 Mohamed Gharmal, COD Meknes,Botola, CAM,Morocco,,yes,Botola, 38,26,0.02,,,,,
 Ilyass Mahsoub, RS Berkane,Botola, RB,Morocco,,yes,Botola, 19,26,0.001,,,,,
 Ayman Zoubid, Raja Casablanca,Botola, CB,Morocco,,yes,Botola, -,26,0.001,,,,,
 H. El Belghyty, Hassania Agadir,Botola, CM,Morocco,,yes,Botola, 21,26,0.014,,,,,
 O. Nefah, RS Berkane,Botola, CB,Morocco,,yes,Botola, -,26,0.001,,,,,
 Abderrahmane Essaadi, Renaissance Zemamra,Botola, GK,Morocco,,yes,Botola, -,26,0.001,,,,,
 M. El Guartit, Ittihad Tanger,Botola, CM,Morocco,,yes,Botola, 21,26,0.003,,,,,
 T. El Koutouby, Olympique Dcheïra,Botola, GK,Morocco,,yes,Botola, 29,26,0.001,,,,,
 Moussa Ouazizi, Kawkab Marrakech,Botola, CM,Morocco,,yes,Botola, 31,26,0.002,,,,,
 Y. Hachloufi, Ittihad Tanger,Botola, GK,Morocco,,yes,Botola, 20,26,0.001,,,,,
 I. Motik, Hassania Agadir,Botola, GK,Morocco,,yes,Botola, 20,26,0.001,,,,,
 Y. Al-Amali, Hassania Agadir,Botola, LWB,Morocco,,yes,Botola, 22,26,0.005,,,,,
 Hamza Lazaar, Olympic Safi,Botola, CM,Morocco,,yes,Botola, 23,26,0.001,,,,,
 Zakaria Moudayane, Wydad Casablanca,Botola, CM,Morocco,,yes,Botola, 20,26,0.001,,,,,
 Bilal El Bouchari, RS Berkane,Botola, CM,Morocco,,yes,Botola, -,26,0.001,,,,,
 A. El Quaraoui, Ittihad Tanger,Botola, LB,Morocco,,yes,Botola, -,26,0.001,,,,,
 Houdaifa Jamaane, FUS Rabat,Botola, CM,Morocco,,yes,Botola, 19,26,0.01,,,,,
 Achraf Missou, FAR Rabat,Botola, CM,Morocco,,yes,Botola, 19,26,0.003,,,,,
 Akram Eddaoudi, FUS Rabat,Botola, CM,Morocco,,yes,Botola, 22,26,0.001,,,,,
 Louay El Moussaoui, Ittihad Tanger,Botola, LB,Morocco,,yes,Botola, 21,26,0.002,,,,,
 Amine El Attac, Raja Casablanca,Botola, CM,Morocco,,yes,Botola, -,26,0.001,,,,,
 A. Zouagui, Hassania Agadir,Botola, -,Morocco,,yes,Botola, 21,26,0.007,,,,,
 Adil Grnan, Hassania Agadir,Botola, CB,Morocco,,yes,Botola, 21,26,0.001,,,,,
 S. Farid, Raja Casablanca,Botola, LB,Morocco,,yes,Botola, 20,26,0.001,,,,,
 E. El Harti, COD Meknes,Botola, CM,Morocco,,yes,Botola, -,26,0.001,,,,,
 Soufiane Taher, COD Meknes,Botola, GK,Morocco,,yes,Botola, 22,26,0.001,,,,,
 Abdellah Boudlal, UTS Rabat,Botola, CM,Morocco,,yes,Botola, 23,26,0.006,,,,,
 Bilal Lakdah, Raja Casablanca,Botola, CB,Morocco,,yes,Botola, 22,26,0.001,,,,,
 Younes El Kaabi, RS Berkane,Botola, ST,Morocco,,yes,Botola, -,26,0.001,,,,,
 S. Benhar, Olympic Safi,Botola, CB,Morocco,,yes,Botola, 23,26,0.001,,,,,
 Ayman Echchennikh, FUS Rabat,Botola, ST,Morocco,,yes,Botola, 19,26,0.001,,,,,
 A. El Wadi, Raja Casablanca,Botola, GK,Morocco,,yes,Botola, -,26,0.001,,,,,
 El Hajjami, COD Meknes,Botola, CM,Morocco,,yes,Botola, -,26,0.001,,,,,
 Walid Atlassi, UTS Rabat,Botola, GK,Morocco,,yes,Botola, 21,26,0.001,,,,,
 Yassine Bahmad, UTS Rabat,Botola, CB,Morocco,,yes,Botola, -,26,0.001,,,,,
 Mounir El Gouj, Olympique Dcheïra,Botola, CM,Morocco,,yes,Botola, 22,26,0.001,,,,,
 Anass Aziz, Olympique Dcheïra,Botola, CM,Morocco,,yes,Botola, -,26,0.001,,,,,
 Hafid Id Said, Olympique Dcheïra,Botola, GK,Morocco,,yes,Botola, 27,26,0.005,,,,,
 Hamza Raji, RS Berkane,Botola, CB,Morocco,,yes,Botola, -,26,0.001,,,,,
 Aymane Kchiouach, Wydad Casablanca,Botola, CB,Morocco,,yes,Botola, 20,26,0.001,,,,,
 H. Laraouyi, Kawkab Marrakech,Botola, CB,Morocco,,yes,Botola, -,26,0.001,,,,,
 Y. Bennani, Wydad Casablanca,Botola, CM,Morocco,,yes,Botola, 17,26,0.001,,,,,
 S. Eddine Abderahim, Olympique Dcheïra,Botola, ST,Morocco,,yes,Botola, -,26,0.001,,,,,
 Y. Aznak, Olympique Dcheïra,Botola, CM,Morocco,,yes,Botola, -,26,0.001,,,,,
 S. Eddine, Olympique Dcheïra,Botola, ST,Morocco,,yes,Botola, 21,26,0.001,,,,,
 I. El Afouri, Wydad Casablanca,Botola, CB,Morocco,,yes,Botola, -,26,0.001,,,,,
 M. Moubarak, Wydad Casablanca,Botola, ST,Morocco,,yes,Botola, 21,26,0.001,,,,,
 H. Bouelainine, UTS Rabat,Botola, GK,Morocco,,yes,Botola, 21,26,0.001,,,,,
 M. Atere, Olympic Safi,Botola, CM,Morocco,,yes,Botola, 20,26,0.001,,,,,
 M. Hamzy, Olympic Safi,Botola, CM,Morocco,,yes,Botola, -,26,0.001,,,,,
 A. El Atmani, Olympic Safi,Botola, CM,Morocco,,yes,Botola, 19,26,0.001,,,,,
 Marouane Samaa, FUS Rabat,Botola, CM,Morocco,,yes,Botola, -,26,0.001,,,,,
 Lizoul, FUS Rabat,Botola, GK,Morocco,,yes,Botola, -,26,0.001,,,,,
 Y. Alaoui, FUS Rabat,Botola, CB,Morocco,,yes,Botola, -,26,0.001,,,,,
 Mohamed Benkacem, Raja Casablanca,Botola, CB,Morocco,,yes,Botola, 19,26,0.001,,,,,
 Samir Gouhi, Raja Casablanca,Botola, CM,Morocco,,yes,Botola, 21,26,0.001,,,,,
 Soulaimane Chaari, Raja Casablanca,Botola, CM,Morocco,,yes,Botola, -,26,0.001,,,,,
 A. Ayoud, COD Meknes,Botola, CM,Morocco,,yes,Botola, -,26,0.001,,,,,
 H. Zaid, COD Meknes,Botola, CB,Morocco,,yes,Botola, -,26,0.001,,,,,
 Y. Zouibaa, COD Meknes,Botola, CB,Morocco,,yes,Botola, -,26,0.001,,,,,
 M. Echarai, COD Meknes,Botola, GK,Morocco,,yes,Botola, 20,26,0.001,,,,,
 M. Marron, COD Meknes,Botola, CM,Morocco,,yes,Botola, -,26,0.001,,,,,
 W. Ennaya, COD Meknes,Botola, CB,Morocco,,yes,Botola, -,26,0.001,,,,,
 Amine Alaoui, COD Meknes,Botola, ST,Morocco,,yes,Botola, -,26,0.001,,,,,
 Amine El Moutaouakil, Renaissance Zemamra,Botola, CM,Morocco,,yes,Botola, -,26,0.001,,,,,
 Hamza Smaali, Kawkab Marrakech,Botola, CM,Morocco,,yes,Botola, 26,26,0.007,,,,,
 Saad Bedrane, Kawkab Marrakech,Botola, CM,Morocco,,yes,Botola, 22,26,0.001,,,,,
 Soulaimane Anrar, Kawkab Marrakech,Botola, CB,Morocco,,yes,Botola, 21,26,0.001,,,,,
 Imrane Zyami, Raja Casablanca,Botola, ST,Morocco,,yes,Botola, 19,27,0.001,,,,,
 Ali Ismaili, UTS Rabat,Botola, ST,Morocco,,yes,Botola, 19,27,0.001,,,,,
 Ahmed Aboulfath, UTS Rabat,Botola, ST,Morocco,,yes,Botola, 28,27,0.003,,,,,
 Salim Ghazzani, UTS Rabat,Botola, ST,Morocco,,yes,Botola, 22,27,0.007,,,,,
 Mouad Aounzou, COD Meknes,Botola, LW,Morocco,,yes,Botola, 24,27,0.001,,,,,
M. Tarfi, KFC Houtvenne,Botola, CAM,Morocco,,yes,Botola, 32,48,0.056,,,,,
 S. Ahannach, Yacoub El Mansour,Botola, LW,Morocco,,yes,Botola, 30,50,0.362,,,,,
 F. El Bakhtaoui, Valmontone 1921,Botola, ST,Morocco,,yes,Botola, 33,45,0.046,,,,,
 Mehdi Chahiri, -,Botola, LW,Morocco,,yes,Botola, 29,50,0.297,,,,,
 M. Benhmida, Saint-Priest,Botola, ST,Morocco,,yes,Botola, 31,49,0.025,,,,,
 M. Hamdaoui, Al-Riffa,Botola, LW,Morocco,,yes,Botola, 32,50,0.425,,,,,
 A. Ibrahimi, RC France,Botola, ST,Morocco,,yes,Botola, 33,48,0.019,,,,,
 Y. El Jebli, -,Botola, CAM,Morocco,,yes,Botola, 33,50,0.401,,,,,
 I. Azzaoui, -,Botola, CAM,Morocco,,yes,Botola, 28,48,0.563,,,,,
 Ilias Sebtaoui, Tienen,Botola, GK,Morocco,,yes,Botola, 26,46,0.015,,,,,
 O. Bouyaghlafen, Kozakken Boys,Botola, LW,Morocco,,yes,Botola, 27,49,0.135,,,,,
 Ryad Nadifi, Rousset-Ste Victoire,Botola, DM,Morocco,,yes,Botola, 29,49,0.054,,,,,
 I. Et Touguani, Pontivy,Botola, RW,Morocco,,yes,Botola, 28,45,0.018,,,,,
 M. Gueddar, Biel-Bienne,Botola, CAM,Morocco,,yes,Botola, 27,49,0.127,,,,,
 Adil, CP Mijas Las Lagunas,Botola, ST,Morocco,,yes,Botola, 28,46,0.03,,,,,
 Ayoub El Hmidi, Jubbah Club,Botola, LW,Morocco,,yes,Botola, 25,49,0.378,,,,,
 Othman Chajari, Unione La Rocca,Botola, CM,Morocco,,yes,Botola, 26,50,0.108,,,,,
 R. Kharchouch, PAC Omonia 29M,Botola, ST,Morocco,,yes,Botola, 30,50,0.223,,,,,
 M. Naqqadi, Hoogstraten,Botola, LB,Morocco,,yes,Botola, 29,48,0.066,,,,,
 R. Taqtak, Old Boys,Botola, LWB,Morocco,,yes,Botola, 28,49,0.033,,,,,
 M. El Jaouhari, Etoile Carouge,Botola, CAM,Morocco,,yes,Botola, 26,51,0.307,,,,,
 S. Bahassa, Girondins Bordeaux,Botola, LM,Morocco,,yes,Botola, 31,50,0.069,,,,,
 W. Amadi, Montlouis,Botola, CB,Morocco,,yes,Botola, 26,46,0.035,,,,,
 Y. Zerfaoui, Rousset-Ste Victoire,Botola, CM,Morocco,,yes,Botola, 30,51,0.071,,,,,
 B. Dahmoun, -,Botola, RB,Morocco,,yes,Botola, 29,48,0.308,,,,,
 Y. Bousseaden, Saint-Pryve,Botola, CM,Morocco,,yes,Botola, 25,47,0.025,,,,,
 O. Ait-Fana, Limonest,Botola, ST,Morocco,,yes,Botola, 25,45,0.019,,,,,
 E. Kratzer, Bonner SC,Botola, RW,Morocco,,yes,Botola, 26,46,0.139,,,,,
 Y. Boutouil, Montlouis,Botola, CB,Morocco,,yes,Botola, 27,45,0.001,,,,,
 A. Bensabouh, Quick Boys,Botola, CM,Morocco,,yes,Botola, 27,49,0.147,,,,,
 H. Chahid, Beauvais Oise,Botola, CB,Morocco,,yes,Botola, 25,47,0.008,,,,,
 R. El Idrissi, Koninklijke HFC,Botola, LB,Morocco,,yes,Botola, 27,47,0.044,,,,,
 M. Benktib, KFC Uerdingen 05,Botola, CM,Morocco,,yes,Botola, 24,49,0.046,,,,,
 H. Bouharma, Atlètic Escaldes,Botola, CM,Morocco,,yes,Botola, 31,51,0.632,,,,,
 Y. En-Neyah, Truro City,Botola, CAM,Morocco,,yes,Botola, 25,51,0.045,,,,,
 Karim El Haddouchi, Holbæk B&I,Botola, CM,Morocco,,yes,Botola, 26,46,0.052,,,,,
 S. Sallam, Panserraikos,Botola, CM,Morocco,,yes,Botola, 24,51,0.856,,,,,
 M. Bakour, Excelsior Maassluis,Botola, LW,Morocco,,yes,Botola, 27,50,0.13,,,,,
 A. Hitouss, Mâcon,Botola, RW,Morocco,,yes,Botola, 27,49,0.046,,,,,
 Zakarias, CD Azuaga,Botola, CB,Morocco,,yes,Botola, 27,45,0.025,,,,,
 W. Ben Bella, Montlouis,Botola, DM,Morocco,,yes,Botola, 24,51,0.07,,,,,
 O. Stitou, ASPTT Dijon,Botola, CM,Morocco,,yes,Botola, 25,45,0.019,,,,,
 I. Errahmouni, -,Botola, LW,Morocco,,yes,Botola, 25,47,0.078,,,,,
 Youssef Nouri, Sporting Trestina,Botola, RM,Morocco,,yes,Botola, 24,46,0.047,,,,,
 Ryan Sabry, Voltigeurs Châteaubriant,Botola, RB,Morocco,,yes,Botola, 25,50,0.055,,,,,
 Nabil, CD Móstoles,Botola, ST,Morocco,,yes,Botola, 24,47,0.038,,,,,
 I. Lekbab, Os Limianos,Botola, GK,Morocco,,yes,Botola, 26,46,0.017,,,,,
 Ayman Sellouf, -,Botola, LW,Morocco,,yes,Botola, 24,49,1.176,,,,,
 B. Kandoussi, Arenteiro,Botola, LW,Morocco,,yes,Botola, 26,49,0.174,,,,,
 M. Abouhafs, Atlético Monzón,Botola, RW,Morocco,,yes,Botola, 27,45,0.008,,,,,
 R. El Khamali, -,Botola, CAM,Morocco,,yes,Botola, 23,46,0.061,,,,,
 Y. Ezzejjari, East Bengal Club,Botola, ST,Morocco,,yes,Botola, 32,47,0.236,,,,,
 J. Takidine, Thes Sport,Botola, LB,Morocco,,yes,Botola, 23,48,0.087,,,,,
 M. Sanat, Campodarsego,Botola, RW,Morocco,,yes,Botola, 23,47,0.117,,,,,
 Jonas Rouhi, Carrarese,Botola, LB,Morocco,,yes,Botola, 22,48,1.08,,,,,
 R. Bourles, Sochaux II,Botola, LM,Morocco,,yes,Botola, 23,47,0.124,,,,,
 Walim Lgharbi, Saumur,Botola, CM,Morocco,,yes,Botola, 23,45,0.028,,,,,
 Sami Sakkali, Jong KV Mechelen,Botola, CAM,Morocco,,yes,Botola, 21,49,0.087,,,,,
 A. Majid, Angouleme,Botola, CM,Morocco,,yes,Botola, 23,46,0.047,,,,,
 Ilyas El Gharbi, Londerzeel,Botola, RB,Morocco,,yes,Botola, 22,49,0.06,,,,,
 N. Homssa, Montpellier,Botola, CM,Morocco,,yes,Botola, 23,47,0.042,,,,,
 Y. Zayzoun, UD Ourense,Botola, LW,Morocco,,yes,Botola, 24,47,0.026,,,,,
 M. Belhaj, Saint-Colomban Locminé,Botola, DM,Morocco,,yes,Botola, 25,48,0.04,,,,,
 M. El Fanis, Hamrun Spartans,Botola, CAM,Morocco,,yes,Botola, 22,51,0.318,,,,,
 I. Labiad, Diegem Sport,Botola, RB,Morocco,,yes,Botola, 33,51,0.018,,,,,
 Yassine Bouchnafa, Scheveningen,Botola, ST,Morocco,,yes,Botola, 23,49,0.097,,,,,
 Taufek, Almería B,Botola, LW,Morocco,,yes,Botola, 24,49,0.15,,,,,
 Younes Tufi, Rijnsburgse Boys,Botola, CM,Morocco,,yes,Botola, 21,46,0.101,,,,,
 A. Moutassime, TSG Balingen,Botola, ST,Morocco,,yes,Botola, 21,46,0.051,,,,,
 Iomar, At. Sanluqueño,Botola, ST,Morocco,,yes,Botola, 26,48,0.288,,,,,
 A. Benatia, Verviers,Botola, LWB,Morocco,,yes,Botola, 24,51,0.062,,,,,
 Mustapha Zarouali, Náxara,Botola, RW,Morocco,,yes,Botola, 21,48,0.063,,,,,
 Abdenbi Oubelkhiri, SSV Merten,Botola, CM,Morocco,,yes,Botola, -,46,0.011,,,,,
 Aiman Dardari, Greuther Fürth,Botola, LW,Morocco,,yes,Botola, 20,51,0.645,,,,,
 Ouassim Karada, Kickers Offenbach,Botola, RB,Morocco,,yes,Botola, 20,46,0.038,,,,,
 Rayan Ouchard, Servette II,Botola, RB,Morocco,,yes,Botola, 20,47,0.049,,,,,
 F. Harchaoui, Köln II,Botola, DM,Morocco,,yes,Botola, 20,49,0.056,,,,,
 Y. Abdallah, Blois,Botola, CM,Morocco,,yes,Botola, 22,47,0.041,,,,,
 Nadir Homsa, US Fleury-Merogis,Botola, CM,Morocco,,yes,Botola, 21,49,0.001,,,,,
 A. Nassiri, Istres,Botola, RW,Morocco,,yes,Botola, 21,47,0.049,,,,,
 A. Abderrahman, -,Botola, DM,Morocco,,yes,Botola, 22,46,0.099,,,,,
 Zakaria Loukili, Landskrona BoIS,Botola, CAM,Morocco,,yes,Botola, 20,50,0.396,,,,,
 S. Berradi, Union Saint-Gilloise II,Botola, CAM,Morocco,,yes,Botola, 21,50,0.25,,,,,
 Rayan Buifrahi, Club NXT,Botola, LW,Morocco,,yes,Botola, 20,48,1.03,,,,,
 S. Bouhoudane, Jong PSV,Botola, ST,Morocco,,yes,Botola, 18,46,0.042,,,,,
 Ilias Bouhlal, Stockay-Warfusée,Botola, CAM,Morocco,,yes,Botola, 27,47,0.079,,,,,
 Younes Jaber, Jong Sparta,Botola, LW,Morocco,,yes,Botola, 18,46,0.075,,,,,
 A. Jolakyan, FC Bentonit,Botola, RB,Morocco,,yes,Botola, 21,46,0.005,,,,,
 Iliesse Salhi, Mallorca,Botola, LB,Morocco,,yes,Botola, 18,48,0.193,,,,,
 A. Zarrouk, Willem II,Botola, DM,Morocco,,yes,Botola, 19,49,0.218,,,,,
 Ilyas Azizi, -,Botola, LW,Morocco,,yes,Botola, 17,46,0.026,,,,,
 N. El Harmouz, Feyenoord U21,Botola, CM,Morocco,,yes,Botola, 18,49,0.044,,,,,
 N. El Jamali, Saint-Étienne,Botola, CAM,Morocco,,yes,Botola, 18,51,0.111,,,,,
 Adam Amrani, Odense BK,Botola, CB,Morocco,,yes,Botola, 17,48,0.043,,,,,
 A. Belhadj, Rupel Boom,Botola, CB,Morocco,,yes,Botola, 23,48,0.023,,,,,
 M. Boumaaoui, Bourg-Péronnas,Botola, ST,Morocco,,yes,Botola, 21,48,0.093,,,,,
 T. Hannioui, Al Jazira Al Hamra,Botola, CB,Morocco,,yes,Botola, 25,50,0.048,,,,,
 T. Pitarch, Real Madrid,Botola, CM,Morocco,,yes,Botola, 18,51,2.0,,,,,
 Soufiane Belward, Fiorentino,Botola, RW,Morocco,,yes,Botola, 21,46,0.379,,,,,
Z. El-Moutaraji, Wydad Casablanca,Botola, LW,Morocco,,yes,Botola,29,51,0.162,,,,,
 M. Hamdi, Angouleme,Botola, CB,Morocco,,yes,Botola,32,58,0.081,,,,,
 A. Lamrabat, Ittihad Tanger,Botola, LB,Morocco,,yes,Botola,32,57,0.535,,,,,
 M. Ounajem, Hassania Agadir,Botola, RW,Morocco,,yes,Botola,34,51,0.359,,,,,
 Benktib, COD Meknes,Botola, CM,Morocco,,yes,Botola,27,55,1.481,,,,,
 A. Mhamdi, Wydad Casablanca,Botola, GK,Morocco,,yes,Botola,34,54,0.399,,,,,
 M. El Fakih, Renaissance Zemamra,Botola, CAM,Morocco,,yes,Botola,36,56,0.174,,,,,
 Aymen Barkok, Raja Casablanca,Botola, CAM,Morocco,,yes,Botola,27,57,1.574,,,,,
 A. El Harrak, FUS Rabat,Botola, ST,Morocco,,yes,Botola,28,58,1.11,,,,,
 B. Gaddarine, Ittihad Tanger,Botola, LB,Morocco,,yes,Botola,28,59,1.1,,,,,
 H. Semmoumy, Olympic Safi,Botola, RB,Morocco,,yes,Botola,33,56,0.384,,,,,
 H. Khabba, FAR Rabat,Botola, ST,Morocco,,yes,Botola,29,58,0.396,,,,,
 Z. Nassik, COD Meknes,Botola, LB,Morocco,,yes,Botola,29,58,0.994,,,,,
 H. Regragui, UTS Rabat,Botola, CB,Morocco,,yes,Botola,28,52,0.923,,,,,
 H. Ahadad, Hassania Agadir,Botola, ST,Morocco,,yes,Botola,31,59,1.521,,,,,
 A. Lakred, FUS Rabat,Botola, GK,Morocco,,yes,Botola,30,58,1.194,,,,,
 Z. Fati, Yacoub El Mansour,Botola, LW,Morocco,,yes,Botola,33,53,0.536,,,,,
 S. Bahi, Renaissance Zemamra,Botola, CB,Morocco,,yes,Botola,31,50,0.436,,,,,
 Z. El Hachemi, Renaissance Zemamra,Botola, RB,Morocco,,yes,Botola,28,52,0.699,,,,,
 M. Sadil, RS Berkane,Botola, LB,Morocco,,yes,Botola,31,51,0.182,,,,,
 Reda Bounaga, COD Meknes,Botola, GK,Morocco,,yes,Botola,37,53,0.033,,,,,
 Haytham El Bahja, Ittihad Tanger,Botola, RW,Morocco,,yes,Botola,32,59,0.509,,,,,
 Zouhair Marour, Yacoub El Mansour,Botola, CB,Morocco,,yes,Botola,30,56,1.0,,,,,
 Karim L'koucha, COD Meknes,Botola, RW,Morocco,,yes,Botola,25,51,1.194,,,,,
 M. El Jourbaoui, Renaissance Zemamra,Botola, GK,Morocco,,yes,Botola,33,51,0.42,,,,,
 E. El Bellali, Ittihad Tanger,Botola, DM,Morocco,,yes,Botola,28,58,0.959,,,,,
 Y. Arbidi, Hassania Agadir,Botola, LW,Morocco,,yes,Botola,29,55,0.927,,,,,
 M. Ferni, Renaissance Zemamra,Botola, GK,Morocco,,yes,Botola,26,56,0.863,,,,,
 A. Chabani, Maghreb Fes,Botola, CB,Morocco,,yes,Botola,27,55,0.36,,,,,
 H. Moujahid, FUS Rabat,Botola, CM,Morocco,,yes,Botola,31,57,0.833,,,,,
 H. Akbi Hamiani, Olympic Safi,Botola, GK,Morocco,,yes,Botola,32,57,0.669,,,,,
 A. Madkour, Renaissance Zemamra,Botola, RB,Morocco,,yes,Botola,25,59,1.443,,,,,
 M. Chichane, Renaissance Zemamra,Botola, DM,Morocco,,yes,Botola,34,54,0.198,,,,,
 Z. Habti, Renaissance Zemamra,Botola, RW,Morocco,,yes,Botola,28,53,0.815,,,,,
 M. Lahtimi, Renaissance Zemamra,Botola, RW,Morocco,,yes,Botola,24,51,1.265,,,,,
 Y. Akharraz, UTS Rabat,Botola, RB,Morocco,,yes,Botola,21,53,0.797,,,,,
 A. Hmaidou, COD Meknes,Botola, DM,Morocco,,yes,Botola,26,58,1.434,,,,,
 A. El Khalej, UTS Rabat,Botola, CB,Morocco,,yes,Botola,26,55,0.5,,,,,
 Brija, Maghreb Fes,Botola, CAM,Morocco,,yes,Botola,25,54,1.184,,,,,
 S. Benyachou, FUS Rabat,Botola, RW,Morocco,,yes,Botola,26,52,0.693,,,,,
 Y. Michte, Difaâ El Jadida,Botola, DM,Morocco,,yes,Botola,27,57,0.852,,,,,
 Laaz, Ittihad Tanger,Botola, CB,Morocco,,yes,Botola,25,54,0.871,,,,,
 K. El Bounagat, COD Meknes,Botola, CB,Morocco,,yes,Botola,25,56,0.868,,,,,
 M. Bouriga, FAR Rabat,Botola, ST,Morocco,,yes,Botola,26,56,1.432,,,,,
 W. Nassi, Wydad Casablanca,Botola, RW,Morocco,,yes,Botola,25,52,0.921,,,,,
 Mouad Bahsain, Hassania Agadir,Botola, LB,Morocco,,yes,Botola,26,56,1.654,,,,,
 I. Moutaraji, FUS Rabat,Botola, CAM,Morocco,,yes,Botola,26,53,1.157,,,,,
 A. Farhane, FUS Rabat,Botola, CB,Morocco,,yes,Botola,27,57,1.037,,,,,
 M. Amri, FUS Rabat,Botola, LB,Morocco,,yes,Botola,32,52,0.568,,,,,
 O. Mahrous, Kawkab Marrakech,Botola, CM,Morocco,,yes,Botola,30,52,0.456,,,,,
 A. Kassak, Hassania Agadir,Botola, CAM,Morocco,,yes,Botola,27,53,1.275,,,,,
 K. Baba, Maghreb Fes,Botola, RW,Morocco,,yes,Botola,26,58,1.355,,,,,
 T. Razko, FAR Rabat,Botola, CM,Morocco,,yes,Botola,24,51,0.621,,,,,
 W. Rhailouf, UTS Rabat,Botola, CM,Morocco,,yes,Botola,27,60,1.558,,,,,
 A. El Ouaad, Ittihad Tanger,Botola, GK,Morocco,,yes,Botola,30,59,0.856,,,,,
 T. El Khalej, UTS Rabat,Botola, CB,Morocco,,yes,Botola,28,58,0.805,,,,,
 H. Malki, Difaâ El Jadida,Botola, LB,Morocco,,yes,Botola,29,52,0.433,,,,,
 A. Mouloua, FUS Rabat,Botola, ST,Morocco,,yes,Botola,23,58,1.947,,,,,
 M. Ouhrou, Maghreb Fes,Botola, LB,Morocco,,yes,Botola,24,56,0.34,,,,,
 S. Errahouli, Olympic Safi,Botola, RW,Morocco,,yes,Botola,23,60,1.749,,,,,
 J. Ghabra, Ittihad Tanger,Botola, RW,Morocco,,yes,Botola,31,56,0.579,,,,,
 Y. Najari, Olympic Safi,Botola, RW,Morocco,,yes,Botola,30,57,0.288,,,,,
 Y. Kordani, Olympic Safi,Botola, CB,Morocco,,yes,Botola,35,56,0.302,,,,,
 M. Sahd, COD Meknes,Botola, ST,Morocco,,yes,Botola,32,60,0.886,,,,,
 A. Badaoui, Renaissance Zemamra,Botola, RB,Morocco,,yes,Botola,26,53,0.491,,,,,
 C. Faidi, FUS Rabat,Botola, ST,Morocco,,yes,Botola,26,50,0.77,,,,,
 Abdallah Boukhanfer, Hassania Agadir,Botola, CAM,Morocco,,yes,Botola,28,51,0.833,,,,,
 R. Ghanimi, FUS Rabat,Botola, GK,Morocco,,yes,Botola,24,51,0.616,,,,,
 M. Goulouss, COD Meknes,Botola, CAM,Morocco,,yes,Botola,32,54,0.449,,,,,
 Naim Byar, Wydad Casablanca,Botola, CM,Morocco,,yes,Botola,21,50,0.402,,,,,
 Nadir Lougmani, Kawkab Marrakech,Botola, RB,Morocco,,yes,Botola,23,52,0.812,,,,,
 H. El Moudene, Ittihad Tanger,Botola, CM,Morocco,,yes,Botola,30,53,0.611,,,,,
 M. Bakhkhach, Hassania Agadir,Botola, LW,Morocco,,yes,Botola,24,58,2.062,,,,,
 O. Chraibi, Raja Casablanca,Botola, DM,Morocco,,yes,Botola,23,53,0.318,,,,,
 A. Azri, RS Berkane,Botola, RW,Morocco,,yes,Botola,30,60,1.215,,,,,
 A. El Forsy, UTS Rabat,Botola, CAM,Morocco,,yes,Botola,27,52,0.417,,,,,
 B. Abyir, Hassania Agadir,Botola, GK,Morocco,,yes,Botola,27,56,0.485,,,,,
 I. Mihrab, Kawkab Marrakech,Botola, RW,Morocco,,yes,Botola,29,54,0.782,,,,,
 A. El Khayati, FAR Rabat,Botola, GK,Morocco,,yes,Botola,28,54,0.751,,,,,
 Y. Amhih, FUS Rabat,Botola, CB,Morocco,,yes,Botola,23,58,1.418,,,,,
 S. El Bouchqali, Olympic Safi,Botola, CAM,Morocco,,yes,Botola,23,59,2.417,,,,,
 I. Serbout, Olympic Safi,Botola, RB,Morocco,,yes,Botola,32,56,0.297,,,,,
 H. Essadak, UTS Rabat,Botola, CM,Morocco,,yes,Botola,20,53,1.972,,,,,
 C. Knaidil, COD Meknes,Botola, LB,Morocco,,yes,Botola,23,52,0.176,,,,,
 K. Lagrouch, Ittihad Tanger,Botola, ST,Morocco,,yes,Botola,25,52,0.45,,,,,
 F. Zahouani, UTS Rabat,Botola, LB,Morocco,,yes,Botola,19,54,0.643,,,,,
 M. Mchakhchekh, Raja Casablanca,Botola, CB,Morocco,,yes,Botola,22,51,0.481,,,,,
 A. Lakhlifi, COD Meknes,Botola, DM,Morocco,,yes,Botola,25,51,0.258,,,,,
 Y. Kajai, UTS Rabat,Botola, CB,Morocco,,yes,Botola,27,55,0.658,,,,,
 B. Bouzidi, Difaâ El Jadida,Botola, DM,Morocco,,yes,Botola,25,52,0.696,,,,,
 D. Jabali, Maghreb Fes,Botola, CB,Morocco,,yes,Botola,27,58,0.654,,,,,
 O. Noureddine, Maghreb Fes,Botola, DM,Morocco,,yes,Botola,24,53,0.631,,,,,
 A. Berdad, COD Meknes,Botola, CM,Morocco,,yes,Botola,32,55,0.3,,,,,
 S. Tazi, FUS Rabat,Botola, CM,Morocco,,yes,Botola,21,53,0.693,,,,,
 A. Al-Maamouri, Raja Casablanca,Botola, RW,Morocco,,yes,Botola,25,53,0.53,,,,,
 A. Benaadi, Olympique Dcheïra,Botola, CAM,Morocco,,yes,Botola,33,51,0.024,,,,,
 I. Zidani, Renaissance Zemamra,Botola, DM,Morocco,,yes,Botola,25,54,0.52,,,,,
 Y. Dahmani, UTS Rabat,Botola, LW,Morocco,,yes,Botola,25,56,0.228,,,,,
 O. Daoui, COD Meknes,Botola, RB,Morocco,,yes,Botola,30,52,0.288,,,,,
H. El Mejhed, Hassania Agadir,Botola, GK,Morocco,,yes,Botola,34,40,0.126,,,,,
 H. Boussefiane, Yacoub El Mansour,Botola, RW,Morocco,,yes,Botola,28,44,0.225,,,,,
 M. Elaz, Olympic Safi,Botola, LW,Morocco,,yes,Botola,29,45,0.341,,,,,
 A. Chentouf, Ittihad Tanger,Botola, CM,Morocco,,yes,Botola,29,46,0.539,,,,,
 A. Dghoughi, COD Meknes,Botola, CAM,Morocco,,yes,Botola,34,38,0.001,,,,,
 A. Jabroun, Yacoub El Mansour,Botola, RW,Morocco,,yes,Botola,28,37,0.077,,,,,
 Anass Eddaou, Olympic Safi,Botola, LW,Morocco,,yes,Botola,26,49,0.599,,,,,
 Mehdi Maftah, RS Berkane,Botola, GK,Morocco,,yes,Botola,32,45,0.331,,,,,
 Zaca Ghailán, Renaissance Zemamra,Botola, LW,Morocco,,yes,Botola,23,44,0.508,,,,,
 A. Bessak, Difaâ El Jadida,Botola, GK,Morocco,,yes,Botola,29,49,0.533,,,,,
 M. Essahel, UTS Rabat,Botola, CAM,Morocco,,yes,Botola,23,48,0.928,,,,,
 H. Baouch, Kawkab Marrakech,Botola, DM,Morocco,,yes,Botola,30,36,0.051,,,,,
 Oussama Raoui, FUS Rabat,Botola, RB,Morocco,,yes,Botola,23,47,0.707,,,,,
 Reda Asmama, UTS Rabat,Botola, GK,Morocco,,yes,Botola,24,38,0.149,,,,,
 A. Ouhatti, Olympic Safi,Botola, DM,Morocco,,yes,Botola,25,48,0.236,,,,,
 M. Bentarcha, Difaâ El Jadida,Botola, CB,Morocco,,yes,Botola,27,44,0.173,,,,,
 I. Gourad, Renaissance Zemamra,Botola, LW,Morocco,,yes,Botola,25,38,0.193,,,,,
 Walid Hasbi, UTS Rabat,Botola, GK,Morocco,,yes,Botola,22,40,0.038,,,,,
 M. Dahak, Raja Casablanca,Botola, LW,Morocco,,yes,Botola,20,49,1.84,,,,,
 Y. Raiani, Kawkab Marrakech,Botola, CM,Morocco,,yes,Botola,27,44,0.059,,,,,
 Oussama Haffari, Kawkab Marrakech,Botola, CAM,Morocco,,yes,Botola,26,46,0.377,,,,,
 S. Al Sellami, Kawkab Marrakech,Botola, LW,Morocco,,yes,Botola,29,44,0.15,,,,,
 R. Hajji, RS Berkane,Botola, CAM,Morocco,,yes,Botola,25,44,0.521,,,,,
 M. Abba, Olympique Dcheïra,Botola, ST,Morocco,,yes,Botola,25,36,0.054,,,,,
 H. Janan Allah, Olympique Dcheïra,Botola, LB,Morocco,,yes,Botola,25,41,0.048,,,,,
 H. Doughmi, Yacoub El Mansour,Botola, GK,Morocco,,yes,Botola,25,44,0.341,,,,,
 I. Khannouss, Olympic Safi,Botola, LW,Morocco,,yes,Botola,33,48,0.106,,,,,
 A. El Hamdaoui, Kawkab Marrakech,Botola, CB,Morocco,,yes,Botola,30,40,0.108,,,,,
 A. Ennakouss, Difaâ El Jadida,Botola, ST,Morocco,,yes,Botola,24,43,0.412,,,,,
 Abdellah Farah, Renaissance Zemamra,Botola, RW,Morocco,,yes,Botola,24,46,0.458,,,,,
 Aziz Kaidi, Hassania Agadir,Botola, LW,Morocco,,yes,Botola,29,45,0.444,,,,,
 Mohamed Jemjami, Kawkab Marrakech,Botola, GK,Morocco,,yes,Botola,26,38,0.011,,,,,
 Y. Lamine, Difaâ El Jadida,Botola, LW,Morocco,,yes,Botola,26,45,0.18,,,,,
 Anas Nanah, UTS Rabat,Botola, LB,Morocco,,yes,Botola,22,45,0.415,,,,,
 F. Bendahmane, Hassania Agadir,Botola, ST,Morocco,,yes,Botola,24,50,1.291,,,,,
 A. Soufeir, Olympic Safi,Botola, RB,Morocco,,yes,Botola,24,42,0.124,,,,,
 Y. Zraa, UTS Rabat,Botola, ST,Morocco,,yes,Botola,25,38,0.143,,,,,
 Y. Morsil, Yacoub El Mansour,Botola, RB,Morocco,,yes,Botola,28,39,0.12,,,,,
 M. El Badoui, Yacoub El Mansour,Botola, ST,Morocco,,yes,Botola,26,47,0.817,,,,,
 M. Elabdi, Kawkab Marrakech,Botola, LB,Morocco,,yes,Botola,28,37,0.022,,,,,
 B. Soufi, Renaissance Zemamra,Botola, CB,Morocco,,yes,Botola,27,45,0.244,,,,,
 Y. Laghzal, Ittihad Tanger,Botola, GK,Morocco,,yes,Botola,25,37,0.038,,,,,
 Mohamed Essahel, UTS Rabat,Botola, CM,Morocco,,yes,Botola,21,39,0.001,,,,,
 N. Moustaghfir, UTS Rabat,Botola, ST,Morocco,,yes,Botola,22,39,0.092,,,,,
 A. Brayim, Hassania Agadir,Botola, CM,Morocco,,yes,Botola,22,45,0.016,,,,,
 M. Balouk, Yacoub El Mansour,Botola, ST,Morocco,,yes,Botola,30,42,0.005,,,,,
 M. Katiba, Hassania Agadir,Botola, DM,Morocco,,yes,Botola,20,48,0.77,,,,,
 T. Benrhozil, FUS Rabat,Botola, GK,Morocco,,yes,Botola,19,47,0.088,,,,,
 A. Maâli, Ittihad Tanger,Botola, RW,Morocco,,yes,Botola,19,49,1.471,,,,,
 Khalid Kasbi, UTS Rabat,Botola, CB,Morocco,,yes,Botola,19,37,0.036,,,,,
 A. El Hamzaoui, Renaissance Zemamra,Botola, ST,Morocco,,yes,Botola,33,46,0.102,,,,,
 S. Zamrat, UTS Rabat,Botola, RM,Morocco,,yes,Botola,23,39,0.222,,,,,
 A. El Maswab, RS Berkane,Botola, CB,Morocco,,yes,Botola,25,40,0.141,,,,,
 Zakaria Fatihi, Renaissance Zemamra,Botola, RW,Morocco,,yes,Botola,27,43,0.144,,,,,
 M. Habbali, Olympique Dcheïra,Botola, RW,Morocco,,yes,Botola,33,49,0.001,,,,,
 A. El Ghannouj, Renaissance Zemamra,Botola, CM,Morocco,,yes,Botola,29,48,0.176,,,,,
 Y. Sakhi, COD Meknes,Botola, RW,Morocco,,yes,Botola,26,46,0.393,,,,,
 Z. Ami, Hassania Agadir,Botola, DM,Morocco,,yes,Botola,23,48,0.667,,,,,
 H. Brahim, Olympique Dcheïra,Botola, RB,Morocco,,yes,Botola,29,48,0.052,,,,,
 Y. Dalouzi, Maghreb Fes,Botola, RW,Morocco,,yes,Botola,23,41,0.335,,,,,
 I. Hrila, Hassania Agadir,Botola, CB,Morocco,,yes,Botola,22,38,0.076,,,,,
 Mehdi Akoumi, Hassania Agadir,Botola, CM,Morocco,,yes,Botola,19,39,0.022,,,,,
 A. El Houari, Olympic Safi,Botola, CAM,Morocco,,yes,Botola,22,43,0.406,,,,,
 Yasser Ezzine, Olympic Safi,Botola, LB,Morocco,,yes,Botola,21,38,0.29,,,,,
 A. Benkassou, COD Meknes,Botola, RW,Morocco,,yes,Botola,23,38,0.228,,,,,
 Reda Abardi, Olympique Dcheïra,Botola, ST,Morocco,,yes,Botola,33,44,0.011,,,,,
 Y. Fatine, Difaâ El Jadida,Botola, CB,Morocco,,yes,Botola,29,49,0.298,,,,,
 A. Ziani, Difaâ El Jadida,Botola, LW,Morocco,,yes,Botola,22,43,0.001,,,,,
 B. Ait Hammou, Olympique Dcheïra,Botola, ST,Morocco,,yes,Botola,27,38,0.03,,,,,
 B. Amzili, Olympique Dcheïra,Botola, CM,Morocco,,yes,Botola,32,45,0.024,,,,,
 H. Saoud, Olympique Dcheïra,Botola, CM,Morocco,,yes,Botola,29,44,0.046,,,,,
 M. Idar, Olympique Dcheïra,Botola, GK,Morocco,,yes,Botola,40,45,0.001,,,,,
 A. El Khaffi, Difaâ El Jadida,Botola, CM,Morocco,,yes,Botola,26,39,0.007,,,,,
 Y. Faffa, Renaissance Zemamra,Botola, RW,Morocco,,yes,Botola,25,48,0.256,,,,,
 R. Mennioui, Kawkab Marrakech,Botola, CB,Morocco,,yes,Botola,26,43,0.032,,,,,
 S. Abaaziz, Difaâ El Jadida,Botola, LB,Morocco,,yes,Botola,28,43,0.187,,,,,
 Z. Ajoughlal, Yacoub El Mansour,Botola, CAM,Morocco,,yes,Botola,25,37,0.139,,,,,
 R. Oubidar, Olympique Dcheïra,Botola, CM,Morocco,,yes,Botola,27,43,0.014,,,,,
 Zouhir Eddib, COD Meknes,Botola, ST,Morocco,,yes,Botola,23,48,0.524,,,,,
 Marouane Oujeddou, Renaissance Zemamra,Botola, RW,Morocco,,yes,Botola,22,41,0.051,,,,,
 Yassine Jabrane, Olympique Dcheïra,Botola, LW,Morocco,,yes,Botola,25,38,0.003,,,,,
 Ahmed Rhailouf, SCC Mohammédia,Botola, ST,Morocco,,yes,Botola,21,44,0.202,,,,,
 Abdellatif El Bajjani, Renaissance Zemamra,Botola, CM,Morocco,,yes,Botola,31,45,0.097,,,,,
 Hamza Momadi, Hassania Agadir,Botola, CM,Morocco,,yes,Botola,20,38,0.02,,,,,
 K. Tamrani, Kawkab Marrakech,Botola, CM,Morocco,,yes,Botola,25,44,0.041,,,,,
 Z. Oubraim, Difaâ El Jadida,Botola, RB,Morocco,,yes,Botola,24,44,0.068,,,,,
 Ayoub Ait Khassou, FAR Rabat,Botola, CB,Morocco,,yes,Botola,21,42,0.041,,,,,
 A. Tarrazi, Hassania Agadir,Botola, RB,Morocco,,yes,Botola,20,44,0.272,,,,,
 Reda Ait Boughima, Renaissance Zemamra,Botola, CB,Morocco,,yes,Botola,25,42,0.088,,,,,
 J-E. El Khfiyef, FAR Rabat,Botola, CM,Morocco,,yes,Botola,25,40,0.006,,,,,
 Younes El Bahraoui, Kawkab Marrakech,Botola, ST,Morocco,,yes,Botola,21,41,0.017,,,,,
 Adil Khalloufi, Yacoub El Mansour,Botola, DM,Morocco,,yes,Botola,26,38,0.001,,,,,
 Adam Brika, Maghreb Fes,Botola, CM,Morocco,,yes,Botola,20,45,0.007,,,,,
 Ameur Aboujemaa, Olympique Dcheïra,Botola, CB,Morocco,,yes,Botola,21,40,0.005,,,,,
 Amine Aghou, Olympique Dcheïra,Botola, ST,Morocco,,yes,Botola,27,38,0.104,,,,,
 B. Mansouri, Yacoub El Mansour,Botola, LW,Morocco,,yes,Botola,30,41,0.003,,,,,
 Achraf Zine, Yacoub El Mansour,Botola, CB,Morocco,,yes,Botola,25,39,0.005,,,,,
 Nassim Azzoubairi, Yacoub El Mansour,Botola, LB,Morocco,,yes,Botola,30,39,0.006,,,,,
 Ismail Sayad, Yacoub El Mansour,Botola, GK,Morocco,,yes,Botola,27,39,0.006,,,,,
 Hamza Fassoukh, Kawkab Marrakech,Botola, LB,Morocco,,yes,Botola,27,37,0.011,,,,,
Kamal, Deportiva Minera,Botola, CM,Morocco,,yes,Botola,33,52,0.101,,,,,
 A. Otegui, Inter Escaldes,Botola, CM,Morocco,,yes,Botola,27,55,0.326,,,,,
 Samy Bourard, Manama,Botola, CM,Morocco,,yes,Botola,29,58,1.781,,,,,
 D. Trichard, Girondins Bordeaux,Botola, LB,Morocco,,yes,Botola,30,55,0.098,,,,,
 Z. Hamlili, Livorno,Botola, DM,Morocco,,yes,Botola,34,54,0.059,,,,,
 F. Kasmi, Dessel Sport,Botola, CM,Morocco,,yes,Botola,30,52,0.175,,,,,
 R. Hayef, Biesheim,Botola, RW,Morocco,,yes,Botola,33,51,0.024,,,,,
 A. El Hriti, Una Strassen,Botola, LB,Morocco,,yes,Botola,36,51,0.035,,,,,
 Z. Belkouche, Creteil,Botola, CB,Morocco,,yes,Botola,33,53,0.045,,,,,
 J. Absisan, Crossing Schaerbeek,Botola, CM,Morocco,,yes,Botola,30,53,0.077,,,,,
 S. El Banaouhi, Heist,Botola, RB,Morocco,,yes,Botola,33,51,0.052,,,,,
 S. Dardouri, Old Boys,Botola, DM,Morocco,,yes,Botola,33,56,0.035,,,,,
 Hakim, CD Illescas,Botola, CM,Morocco,,yes,Botola,29,53,0.169,,,,,
 Y. Gazzaoui, Hyères,Botola, RB,Morocco,,yes,Botola,29,58,0.114,,,,,
 Khalok, Kormákur / Hvöt,Botola, LW,Morocco,,yes,Botola,29,54,0.053,,,,,
 O. El Baad, Lisse,Botola, RB,Morocco,,yes,Botola,30,51,0.067,,,,,
 I. El Omari, Tubize,Botola, ST,Morocco,,yes,Botola,35,55,0.044,,,,,
 A. El Moukhantir, Wiener Neustadt,Botola, CM,Morocco,,yes,Botola,28,55,0.613,,,,,
 A. El Idrissi, Union Titus Pétange,Botola, ST,Morocco,,yes,Botola,28,55,0.796,,,,,
 A. El Azzouti, Spakenburg,Botola, ST,Morocco,,yes,Botola,35,57,0.041,,,,,
 M. Bounou, Sporting Hasselt,Botola, RW,Morocco,,yes,Botola,28,56,0.196,,,,,
 A. El Bouchataoui, Pro Vercelli,Botola, DM,Morocco,,yes,Botola,26,54,0.472,,,,,
 M. Mallahi, Pro Vercelli,Botola, RW,Morocco,,yes,Botola,26,51,0.379,,,,,
 M. Talal, Jamshedpur,Botola, CAM,Morocco,,yes,Botola,28,53,1.11,,,,,
 S. Hamard, Granville,Botola, CAM,Morocco,,yes,Botola,28,51,0.079,,,,,
 A. Baalla, -,Botola, CAM,Morocco,,yes,Botola,29,51,0.06,,,,,
 E. Madihi, FCSR Haguenau,Botola, CM,Morocco,,yes,Botola,31,52,0.051,,,,,
 H. Salhi, FCSR Haguenau,Botola, CB,Morocco,,yes,Botola,31,52,0.041,,,,,
 M. El Idrissy, Troyes,Botola, ST,Morocco,,yes,Botola,27,56,0.861,,,,,
 J. Assehnoun, Omonia Aradippou,Botola, LW,Morocco,,yes,Botola,27,53,1.72,,,,,
 Y. Chah, Feignies,Botola, CM,Morocco,,yes,Botola,26,55,0.114,,,,,
 M. Afaker, Dordrecht,Botola, LW,Morocco,,yes,Botola,26,56,0.66,,,,,
 Zakaria Sdaigui, USD Antella '99,Botola, CM,Morocco,,yes,Botola,25,52,0.298,,,,,
 Y. Ben Balla, Schalke 04 II,Botola, DM,Morocco,,yes,Botola,30,56,0.338,,,,,
 Zakaria Hamadi, Maghreb Fes,Botola, LB,Morocco,,yes,Botola,27,56,0.869,,,,,
 B. El Hajjam, Lusitanos de Saint-Maur,Botola, RW,Morocco,,yes,Botola,28,53,0.064,,,,,
 R. Kaddouri, FC 93,Botola, DM,Morocco,,yes,Botola,29,54,0.111,,,,,
 A. Chakir, Ascoli,Botola, ST,Morocco,,yes,Botola,25,58,0.481,,,,,
 T. Bouchlarhem, Etoile Carouge,Botola, LW,Morocco,,yes,Botola,25,55,2.914,,,,,
 Karim, FC La Unión Atlético,Botola, RW,Morocco,,yes,Botola,27,58,0.368,,,,,
 R. Hazzat, De Treffers,Botola, RM,Morocco,,yes,Botola,28,52,0.001,,,,,
 Hamza Boutakhrit, Bayern Alzenau,Botola, CB,Morocco,,yes,Botola,32,53,0.085,,,,,
 Bilal Erradi, Potenza Calcio,Botola, CM,Morocco,,yes,Botola,25,58,0.43,,,,,
 Ismail Harnafi, FSV Frankfurt,Botola, ST,Morocco,,yes,Botola,24,52,0.13,,,,,
 Nadir Achahbar, Sportlust 46,Botola, CB,Morocco,,yes,Botola,26,53,0.066,,,,,
 Rayan El Azrak, Shaanxi Union,Botola, CM,Morocco,,yes,Botola,26,58,0.606,,,,,
 Anas Kharmoud, Pistoiese,Botola, RM,Morocco,,yes,Botola,25,53,0.154,,,,,
 Rachid Erragui, Mamer,Botola, DM,Morocco,,yes,Botola,33,54,0.152,,,,,
 W. Essafiani, Rumilly Vallières,Botola, DM,Morocco,,yes,Botola,26,52,0.072,,,,,
 H. Touati, Oleksandriya,Botola, RW,Morocco,,yes,Botola,24,53,1.015,,,,,
 Sofiane, AD Mérida,Botola, ST,Morocco,,yes,Botola,25,57,0.42,,,,,
 J. Moustaid, Thionville Lusitanos,Botola, CAM,Morocco,,yes,Botola,24,56,0.128,,,,,
 Aness Serghini, BVV Barendrecht,Botola, LW,Morocco,,yes,Botola,24,56,0.311,,,,,
 R. Akmum, Den Bosch,Botola, CB,Morocco,,yes,Botola,24,58,0.318,,,,,
 Salah Oulad M'hand, Riga FC,Botola, CM,Morocco,,yes,Botola,22,53,0.395,,,,,
 I. Faiz, Al Nasr Dubai,Botola, CAM,Morocco,,yes,Botola,25,57,1.99,,,,,
 J. Mouaddib, Omonia Aradippou,Botola, CAM,Morocco,,yes,Botola,25,53,0.678,,,,,
 A. Lemti, Rupel Boom,Botola, RWB,Morocco,,yes,Botola,25,53,0.063,,,,,
 O. Lahri, Koninklijke HFC,Botola, CM,Morocco,,yes,Botola,27,52,0.185,,,,,
 A. Dihad, Istres,Botola, CB,Morocco,,yes,Botola,23,55,0.165,,,,,
 L. Zakary, Hassania Agadir,Botola, CB,Morocco,,yes,Botola,22,52,0.324,,,,,
 N. Chourak, Kalmar FF,Botola, CM,Morocco,,yes,Botola,21,53,0.648,,,,,
 A. Lambarette, Avranches,Botola, RW,Morocco,,yes,Botola,28,55,0.072,,,,,
 C. El Allachi, De Graafschap,Botola, LW,Morocco,,yes,Botola,21,52,0.068,,,,,
 Jawed Kalai, Versailles,Botola, RW,Morocco,,yes,Botola,25,52,0.177,,,,,
 Y. Chahid, Chateauroux,Botola, DM,Morocco,,yes,Botola,21,57,0.675,,,,,
 O. Agougil, Utrecht,Botola, DM,Morocco,,yes,Botola,20,55,0.743,,,,,
 Othmane Salama, Lunds,Botola, LW,Morocco,,yes,Botola,25,56,0.342,,,,,
 Z. Jaouhari, Pergolettese,Botola, CM,Morocco,,yes,Botola,23,52,0.373,,,,,
 Simo, Al Shahaniya,Botola, RB,Morocco,,yes,Botola,22,52,0.79,,,,,
 H. Bouihrouchane, Hoek,Botola, DM,Morocco,,yes,Botola,23,54,0.097,,,,,
 N. El Abd, FAR Rabat,Botola, CB,Morocco,,yes,Botola,25,54,0.481,,,,,
 K. Noureddine, CE Europa,Botola, ST,Morocco,,yes,Botola,22,54,0.076,,,,,
 S. Barroug, Saint-Malo,Botola, CAM,Morocco,,yes,Botola,24,58,0.227,,,,,
 Rachad Fettal, RM Castilla,Botola, ST,Morocco,,yes,Botola,21,57,1.006,,,,,
 Riyad Idrissi, Cagliari,Botola, LB,Morocco,,yes,Botola,20,57,1.986,,,,,
 H. El Dahri, Jong Almere City,Botola, CM,Morocco,,yes,Botola,20,52,0.647,,,,,
 N. Sabihi, Villefranche,Botola, LW,Morocco,,yes,Botola,23,52,0.02,,,,,
 M. Bouchenna, Austria Lustenau,Botola, CAM,Morocco,,yes,Botola,19,52,0.169,,,,,
 M. Ghaddari, Jong Utrecht,Botola, RB,Morocco,,yes,Botola,20,53,0.362,,,,,
 Djebril Danhach, Mondercange,Botola, CM,Morocco,,yes,Botola,22,52,0.23,,,,,
 A. Hadji, -,Botola, ST,Morocco,,yes,Botola,28,54,0.77,,,,,
 Samuel Juel, Skive,Botola, CB,Morocco,,yes,Botola,20,53,0.216,,,,,
 M. El Adfaoui, KAA Gent,Botola, DM,Morocco,,yes,Botola,18,52,1.424,,,,,
 A. Salama, NAC Breda,Botola, ST,Morocco,,yes,Botola,25,54,1.56,,,,,
 Anis Yadir, De Treffers,Botola, CAM,Morocco,,yes,Botola,21,52,0.077,,,,,
 Z. Bafdili, Sporting CP II,Botola, DM,Morocco,,yes,Botola,18,52,0.389,,,,,
 T. Essakkati, Helmond Sport,Botola, LW,Morocco,,yes,Botola,20,56,0.455,,,,,
 W. Bouziane, Jong AZ,Botola, LW,Morocco,,yes,Botola,19,53,0.657,,,,,
 Nordin Zoufri, Sportlust 46,Botola, RW,Morocco,,yes,Botola,24,55,0.119,,,,,
 M. El Kharbachi, VV Noordwijk,Botola, LW,Morocco,,yes,Botola,25,56,0.214,,,,,
 K. Ben-Kmayal, Anagennisi Karditsas,Botola, LW,Morocco,,yes,Botola,23,57,0.58,,,,,
 M. Oukhattou, Jong Sparta,Botola, CAM,Morocco,,yes,Botola,21,52,0.115,,,,,
 A. Tahaui, Vitesse,Botola, CM,Morocco,,yes,Botola,20,53,0.441,,,,,
 Ayoub Ouarghi, Feyenoord,Botola, LW,Morocco,,yes,Botola,18,52,0.121,,,,,
 C. Belarbi, CS Chênois,Botola, LW,Morocco,,yes,Botola,27,53,0.051,,,,,
 Yassir Salah, Go Ahead Eagles,Botola, CM,Morocco,,yes,Botola,19,52,0.564,,,,,
 Y. Idrissi, Lincoln Red Imps,Botola, RB,Morocco,,yes,Botola,25,53,0.241,,,,,
 M. Khairane, Bettembourg,Botola, CB,Morocco,,yes,Botola,23,53,0.122,,,,,
M. Rayhi, Wydad Casablanca,Botola, LW,Morocco,,yes,Botola,31,63,1.999,,,,,
 A. Zoubir, Qarabağ,Botola, LW,Morocco,,yes,Botola,34,78,0.227,,,,,
 L. Houri, Universitatea Craiova,Botola, CAM,Morocco,,yes,Botola,30,62,2.188,,,,,
 M. Chemlal, Olympic Safi,Botola, CAM,Morocco,,yes,Botola,31,59,1.149,,,,,
 H. Benkaid, Creteil,Botola, ST,Morocco,,yes,Botola,35,63,0.141,,,,,
 M. Elyounoussi, Kobenhavn,Botola, CAM,Morocco,,yes,Botola,31,84,13.023,,,,,
 B. Ould-Chikh, FC Volendam,Botola, RW,Morocco,,yes,Botola,28,60,2.206,,,,,
 R. Aabid, RS Berkane,Botola, CM,Morocco,,yes,Botola,34,62,0.45,,,,,
 Younes Namli, PEC Zwolle,Botola, RW,Morocco,,yes,Botola,31,64,2.633,,,,,
 S. El Moudane, Olympic Safi,Botola, CAM,Morocco,,yes,Botola,31,62,1.48,,,,,
 F. El Khoumisti, Orléans,Botola, ST,Morocco,,yes,Botola,32,68,0.536,,,,,
 A. El-Ghazi, Al-Sailiya,Botola, RW,Morocco,,yes,Botola,30,59,1.596,,,,,
 S. Hadji, Differdange 03,Botola, ST,Morocco,,yes,Botola,36,73,0.383,,,,,
 T. Nouidra, Fola Esch,Botola, DM,Morocco,,yes,Botola,38,59,0.004,,,,,
 M. El Allouchi, Willem II,Botola, CAM,Morocco,,yes,Botola,31,64,0.764,,,,,
 N. Ouammou, Hassania Agadir,Botola, LB,Morocco,,yes,Botola,32,67,0.513,,,,,
 Z. Machach, RS Berkane,Botola, CAM,Morocco,,yes,Botola,30,70,2.663,,,,,
 Karim Rossi, Shamakhi,Botola, ST,Morocco,,yes,Botola,31,66,0.433,,,,,
 Y. Aouladzian, Orléans,Botola, DM,Morocco,,yes,Botola,28,60,0.331,,,,,
 R. Boultam, Olimpija Ljubljana,Botola, CAM,Morocco,,yes,Botola,28,59,0.942,,,,,
 Loïs Openda, Juventus,Botola, ST,Morocco,,yes,Botola,26,86,63.313,,,,,
 I. Alhaft, Bangkok United,Botola, RW,Morocco,,yes,Botola,29,60,0.89,,,,,
 Z. Fdaouch, Nancy,Botola, LW,Morocco,,yes,Botola,28,65,0.909,,,,,
 M. Chouiar, RS Berkane,Botola, LW,Morocco,,yes,Botola,27,76,7.305,,,,,
 S. Jebari, Csikszereda,Botola, LM,Morocco,,yes,Botola,31,59,0.535,,,,,
 Moha Moukhliss, Vizela,Botola, CM,Morocco,,yes,Botola,26,61,0.83,,,,,
 A. Dkidak, IJsselmeervogels,Botola, RW,Morocco,,yes,Botola,25,60,0.396,,,,,
 A. Najah, Al-Orubah FC,Botola, DM,Morocco,,yes,Botola,28,64,1.069,,,,,
 M. Guendouzi, Fenerbahçe,Botola, CM,Morocco,,yes,Botola,26,84,37.383,,,,,
 Imad Faraj, Neftçi,Botola, RW,Morocco,,yes,Botola,27,74,5.933,,,,,
 I. Oulad, Noah,Botola, CAM,Morocco,,yes,Botola,28,70,3.74,,,,,
 A. Ouhafsa, Bavois,Botola, ST,Morocco,,yes,Botola,28,59,0.196,,,,,
 A. El Farissi, US Boulogne,Botola, CAM,Morocco,,yes,Botola,27,61,0.356,,,,,
 H. Mahou, FC Lugano,Botola, RW,Morocco,,yes,Botola,26,65,3.687,,,,,
 Y. Maziz, OH Leuven,Botola, CAM,Morocco,,yes,Botola,27,68,3.258,,,,,
 H. Acheffay, Den Bosch,Botola, LW,Morocco,,yes,Botola,25,60,0.438,,,,,
 A. Lembezat, Dijon FCO,Botola, CAM,Morocco,,yes,Botola,27,61,0.171,,,,,
 Z. Hadji, Al Najma Manama,Botola, ST,Morocco,,yes,Botola,29,62,1.48,,,,,
 O. Boussaid, Aris Thessaloniki,Botola, LW,Morocco,,yes,Botola,25,66,7.043,,,,,
 A. Benchaib, Kauno Žalgiris,Botola, CAM,Morocco,,yes,Botola,27,77,3.237,,,,,
 Y. Daoussi, VPS Vaasa,Botola, RB,Morocco,,yes,Botola,25,62,0.901,,,,,
 A. Absalem, Helmond Sport,Botola, LB,Morocco,,yes,Botola,28,60,0.66,,,,,
 R. El Yaakoubi, -,Botola, CB,Morocco,,yes,Botola,30,61,1.203,,,,,
 A. Drif, Fola Esch,Botola, LW,Morocco,,yes,Botola,33,60,0.223,,,,,
 Ilias Bronkhorst, Excelsior,Botola, RB,Morocco,,yes,Botola,28,68,1.167,,,,,
 Y. Bahassa, Krasava Ypsonas,Botola, CAM,Morocco,,yes,Botola,33,64,0.587,,,,,
 O. El Ghazouani, Sparta Nijkerk,Botola, CM,Morocco,,yes,Botola,28,59,0.217,,,,,
 C. Abbas, Cannes,Botola, RW,Morocco,,yes,Botola,27,62,0.22,,,,,
 A. Boutrah, Bastia,Botola, LW,Morocco,,yes,Botola,25,70,3.077,,,,,
 S. Lahssaini, RAAL La Louviere,Botola, CM,Morocco,,yes,Botola,27,66,1.247,,,,,
 Y. Bouchama, Preußen Münster,Botola, CAM,Morocco,,yes,Botola,28,62,0.558,,,,,
 N. Khali, Wydad Casablanca,Botola, LB,Morocco,,yes,Botola,27,67,1.323,,,,,
 O. Ashley, Salford City,Botola, DM,Morocco,,yes,Botola,26,61,0.352,,,,,
 M. Taabouni, Al-Sailiya,Botola, LW,Morocco,,yes,Botola,23,60,1.685,,,,,
 Y. Zakir, Metaloglobus,Botola, LW,Morocco,,yes,Botola,28,62,0.806,,,,,
 Y. Bakiz, Silkeborg IF,Botola, CAM,Morocco,,yes,Botola,27,76,6.303,,,,,
 W. Ould-Chikh, Heracles,Botola, CAM,Morocco,,yes,Botola,26,60,0.938,,,,,
 W. Jarmouni, Hassania Agadir,Botola, ST,Morocco,,yes,Botola,25,66,2.461,,,,,
 M. Bouchouari, Wydad Casablanca,Botola, RB,Morocco,,yes,Botola,25,63,1.526,,,,,
 S. Allouch, Maghreb Fes,Botola, LW,Morocco,,yes,Botola,24,60,2.458,,,,,
 A. El Hadj, Union Saint-Gilloise,Botola, CAM,Morocco,,yes,Botola,23,78,11.053,,,,,
 O. El Manssouri, Al-Batin,Botola, CAM,Morocco,,yes,Botola,24,62,1.83,,,,,
 Z. Eddahchouri, RC Deportivo,Botola, ST,Morocco,,yes,Botola,25,72,3.19,,,,,
 B. Brahimi, Viborg FF,Botola, RW,Morocco,,yes,Botola,25,65,2.11,,,,,
 M. Sellouki, Stade Lavallois,Botola, CAM,Morocco,,yes,Botola,25,67,1.781,,,,,
 F. Limouri, FC Eindhoven,Botola, CB,Morocco,,yes,Botola,22,63,1.041,,,,,
 Faysal Chouaib, Inter Escaldes,Botola, ST,Morocco,,yes,Botola,26,62,1.497,,,,,
 N. Fatar, US Boulogne,Botola, LW,Morocco,,yes,Botola,24,63,1.137,,,,,
 F. Khatir, Dijon FCO,Botola, LB,Morocco,,yes,Botola,29,63,0.285,,,,,
 A. Abid, Standard de Liège,Botola, RW,Morocco,,yes,Botola,22,71,5.447,,,,,
 S. Ben Seghir, Neuchâtel Xamax,Botola, LW,Morocco,,yes,Botola,23,61,0.786,,,,,
 Younes Ebnoutalib, Eintracht Frankfurt,Botola, ST,Morocco,,yes,Botola,22,60,1.458,,,,,
 Y. El Ouatki, Al Ahly Benghazi,Botola, CM,Morocco,,yes,Botola,27,59,0.742,,,,,
 Y. Gourari Tebaa, Atert Bissen,Botola, GK,Morocco,,yes,Botola,24,61,0.417,,,,,
 M. Rabii, Al-Jazira,Botola, RB,Morocco,,yes,Botola,24,61,1.848,,,,,
 Soufiane El-Faouzi, Schalke 04,Botola, CM,Morocco,,yes,Botola,23,70,3.812,,,,,
 Younes El Hannach, Al-Sadd,Botola, RB,Morocco,,yes,Botola,21,63,2.367,,,,,
 Z. Atteri, KAS Eupen,Botola, ST,Morocco,,yes,Botola,24,63,1.434,,,,,
 Nassim Zoukit, Aarau,Botola, DM,Morocco,,yes,Botola,24,67,1.562,,,,,
 M. Hajij, FC Wil,Botola, ST,Morocco,,yes,Botola,24,66,1.478,,,,,
 M. Ifnaoui, Troyes,Botola, CAM,Morocco,,yes,Botola,27,69,1.717,,,,,
 H. Sbaï, Villefranche,Botola, RB,Morocco,,yes,Botola,26,60,0.27,,,,,
 Sami Ouaissa, NEC Nijmegen,Botola, RM,Morocco,,yes,Botola,21,75,6.528,,,,,
 Aisar, AD Ceuta FC,Botola, CAM,Morocco,,yes,Botola,24,64,1.088,,,,,
 A. Ghailan, CE Europa,Botola, RW,Morocco,,yes,Botola,25,61,0.378,,,,,
 Jawad, Al Shahaniya,Botola, CAM,Morocco,,yes,Botola,23,65,4.656,,,,,
 B. El Bakkali, Dunav Ruse,Botola, RW,Morocco,,yes,Botola,25,62,0.18,,,,,
 Marvel, Leganés,Botola, CB,Morocco,,yes,Botola,23,69,1.819,,,,,
 A. Ayari, BK Olympic,Botola, CAM,Morocco,,yes,Botola,24,59,0.368,,,,,
 A. Lachkar, Willem II,Botola, DM,Morocco,,yes,Botola,22,66,1.606,,,,,
 A. Boudri, Los Angeles FC,Botola, CAM,Morocco,,yes,Botola,21,68,4.945,,,,,
 Nordin Bukala, FC Volendam,Botola, CM,Morocco,,yes,Botola,20,60,0.687,,,,,
 Rayane Bounida, Ajax,Botola, CAM,Morocco,,yes,Botola,20,60,0.95,,,,,
 B. El Kaddouri, Aubagne,Botola, RW,Morocco,,yes,Botola,23,62,0.553,,,,,
 A. Bouaddi, Lille,Botola, CM,Morocco,,yes,Botola,18,71,36.064,,,,,
 Mohamed Salah, Lommel SK,Botola, RW,Morocco,,yes,Botola,21,66,3.155,,,,,
 S. Hetli, SC Telstar,Botola, ST,Morocco,,yes,Botola,24,67,1.084,,,,,
 S. Ben Brahim, Versailles,Botola, RM,Morocco,,yes,Botola,23,60,0.635,,,,,
 T. Habroune, Columbus Crew,Botola, CM,Morocco,,yes,Botola,20,59,1.018,,,,,
 Ayoub Oufkir, AZ Alkmaar,Botola, RW,Morocco,,yes,Botola,20,64,2.093,,,,,
N. Amrabat, Wydad Casablanca,Botola, RW,Morocco,,yes,Botola,38,64,0.073,,,,,
 Munir, RS Berkane,Botola, GK,Morocco,,yes,Botola,36,74,0.301,,,,,
 Y. Abdelhamid, FAR Rabat,Botola, CB,Morocco,,yes,Botola,38,68,0.126,,,,,
 Hakim Ziyech, Wydad Casablanca,Botola, RW,Morocco,,yes,Botola,32,75,8.215,,,,,
 Y. Bammou, UTS Rabat,Botola, ST,Morocco,,yes,Botola,34,63,0.659,,,,,
 A. Tagnaouti, FAR Rabat,Botola, GK,Morocco,,yes,Botola,29,68,1.9,,,,,
 M. Saoud, Ittihad Tanger,Botola, CB,Morocco,,yes,Botola,30,68,1.387,,,,,
 W. Sabbar, Wydad Casablanca,Botola, CM,Morocco,,yes,Botola,30,61,1.528,,,,,
 O. Arjoune, UTS Rabat,Botola, DM,Morocco,,yes,Botola,30,64,1.896,,,,,
 Hamza Sakhi, Wydad Casablanca,Botola, CAM,Morocco,,yes,Botola,29,71,2.604,,,,,
 K. Boutaïb, Kawkab Marrakech,Botola, ST,Morocco,,yes,Botola,38,69,0.072,,,,,
 Anas Tahiri, Maghreb Fes,Botola, CM,Morocco,,yes,Botola,30,61,1.889,,,,,
 A. Oudrhiri, Maghreb Fes,Botola, DM,Morocco,,yes,Botola,33,62,0.922,,,,,
 H. El Moussaoui, RS Berkane,Botola, LB,Morocco,,yes,Botola,32,74,2.082,,,,,
 Adil Rhaili, Maghreb Fes,Botola, CB,Morocco,,yes,Botola,34,61,0.228,,,,,
 S. Bougrine, Raja Casablanca,Botola, CAM,Morocco,,yes,Botola,29,72,3.759,,,,,
 A. Ennaffati, Raja Casablanca,Botola, LW,Morocco,,yes,Botola,31,75,3.049,,,,,
 El Houasli, UTS Rabat,Botola, GK,Morocco,,yes,Botola,41,66,0.015,,,,,
 Y. Anouar, COD Meknes,Botola, LW,Morocco,,yes,Botola,35,66,0.607,,,,,
 M. Hadhoudi, -,Botola, CB,Morocco,,yes,Botola,34,63,0.834,,,,,
 M. Fakhr, Renaissance Zemamra,Botola, GK,Morocco,,yes,Botola,37,63,0.083,,,,,
 H. Elowasti, Wydad Casablanca,Botola, LW,Morocco,,yes,Botola,30,64,2.031,,,,,
 Saad Ait Khorsa, Maghreb Fes,Botola, CB,Morocco,,yes,Botola,32,60,1.06,,,,,
 A. Nouader, COD Meknes,Botola, CB,Morocco,,yes,Botola,28,60,1.182,,,,,
 M. Kamal, Renaissance Zemamra,Botola, RW,Morocco,,yes,Botola,30,61,1.446,,,,,
 A. Baadi, Raja Casablanca,Botola, RB,Morocco,,yes,Botola,29,61,1.581,,,,,
 I. Kandouss, RS Berkane,Botola, CB,Morocco,,yes,Botola,28,74,5.385,,,,,
 Khammas, Raja Casablanca,Botola, LB,Morocco,,yes,Botola,26,64,3.813,,,,,
 Anas Zniti, RS Berkane,Botola, GK,Morocco,,yes,Botola,37,70,0.504,,,,,
 M Moutouali, Renaissance Zemamra,Botola, CAM,Morocco,,yes,Botola,40,60,0.049,,,,,
 Y. Labhiri, RS Berkane,Botola, CAM,Morocco,,yes,Botola,31,76,2.594,,,,,
 El Mehdi Benabid, Wydad Casablanca,Botola, GK,Morocco,,yes,Botola,28,69,2.752,,,,,
 A. Bach, FAR Rabat,Botola, DM,Morocco,,yes,Botola,28,74,4.979,,,,,
 H. Hannouri, Wydad Casablanca,Botola, ST,Morocco,,yes,Botola,28,70,2.389,,,,,
 B. El Bahraoui, UTS Rabat,Botola, ST,Morocco,,yes,Botola,33,60,0.86,,,,,
 B. Benoun, Raja Casablanca,Botola, CB,Morocco,,yes,Botola,32,62,1.269,,,,,
 H. Kalai, Hassania Agadir,Botola, DM,Morocco,,yes,Botola,32,61,0.786,,,,,
 A. El Ouadi, UTS Rabat,Botola, LW,Morocco,,yes,Botola,33,69,1.779,,,,,
 Y. Zghoudi, Kawkab Marrakech,Botola, RW,Morocco,,yes,Botola,33,64,0.698,,,,,
 M. El Morabit, RS Berkane,Botola, CAM,Morocco,,yes,Botola,27,63,2.481,,,,,
 A. Hammoudan, FAR Rabat,Botola, LW,Morocco,,yes,Botola,34,64,1.039,,,,,
 Larbi Naji, COD Meknes,Botola, DM,Morocco,,yes,Botola,35,68,0.815,,,,,
 Al Makaazi, Raja Casablanca,Botola, CM,Morocco,,yes,Botola,31,69,1.777,,,,,
 M. Louadni, FAR Rabat,Botola, CB,Morocco,,yes,Botola,31,70,1.585,,,,,
 Y. El Filali, SCC Mohammédia,Botola, GK,Morocco,,yes,Botola,36,63,0.145,,,,,
 A. El Msane, FUS Rabat,Botola, DM,Morocco,,yes,Botola,31,71,1.663,,,,,
 Jalal Tachtach, Hassania Agadir,Botola, CM,Morocco,,yes,Botola,31,66,1.422,,,,,
 Achraf Harmach, Maghreb Fes,Botola, CM,Morocco,,yes,Botola,33,69,0.989,,,,,
 M. Rabie Hrimat, FAR Rabat,Botola, DM,Morocco,,yes,Botola,31,76,4.009,,,,,
 A. El Amloud, Raja Casablanca,Botola, RB,Morocco,,yes,Botola,31,64,1.892,,,,,
 S. El Morsli, Olympic Safi,Botola, LW,Morocco,,yes,Botola,27,69,2.353,,,,,
 Abdellah Khafifi, Raja Casablanca,Botola, CB,Morocco,,yes,Botola,33,72,1.54,,,,,
 A. Boucheta, Wydad Casablanca,Botola, LB,Morocco,,yes,Botola,32,70,1.056,,,,,
 I. Mokadem, Raja Casablanca,Botola, CB,Morocco,,yes,Botola,30,63,1.444,,,,,
 A. Khairi, RS Berkane,Botola, CM,Morocco,,yes,Botola,26,70,3.391,,,,,
 A. Aboulfath, Wydad Casablanca,Botola, CB,Morocco,,yes,Botola,28,62,1.578,,,,,
 S. El Amrani, Hassania Agadir,Botola, CB,Morocco,,yes,Botola,29,67,1.896,,,,,
 M. Lemzaouri, Difaâ El Jadida,Botola, RB,Morocco,,yes,Botola,32,60,0.701,,,,,
 I. Khafi, Raja Casablanca,Botola, ST,Morocco,,yes,Botola,30,69,2.378,,,,,
 Z. Derrag, FAR Rabat,Botola, DM,Morocco,,yes,Botola,27,69,1.872,,,,,
 A. Hadraf, FAR Rabat,Botola, CM,Morocco,,yes,Botola,27,61,1.577,,,,,
 H. Ferdaoussi, Raja Casablanca,Botola, CM,Morocco,,yes,Botola,26,60,1.917,,,,,
 R. Slim, FAR Rabat,Botola, RW,Morocco,,yes,Botola,26,60,2.733,,,,,
 Z. Kiani, Ittihad Tanger,Botola, RB,Morocco,,yes,Botola,29,67,1.743,,,,,
 A. Serrhat, FUS Rabat,Botola, DM,Morocco,,yes,Botola,29,70,2.305,,,,,
 Y. El Ghzaoui, UE Santa Coloma,Botola, CM,Morocco,,yes,Botola,25,66,2.079,,,,,
 K. Alaoui, Raja Casablanca,Botola, GK,Morocco,,yes,Botola,29,68,2.017,,,,,
 F. Abdoul Mutalib, Ittihad Tanger,Botola, DM,Morocco,,yes,Botola,32,62,0.967,,,,,
 J. Ech-Chammakh, FAR Rabat,Botola, LB,Morocco,,yes,Botola,25,68,2.635,,,,,
 K. Ait Ouarkhane, FAR Rabat,Botola, CAM,Morocco,,yes,Botola,25,69,2.704,,,,,
 A. Souane, FUS Rabat,Botola, RW,Morocco,,yes,Botola,24,70,5.059,,,,,
 H. El Mahasni, FUS Rabat,Botola, RB,Morocco,,yes,Botola,26,68,2.305,,,,,
 Al Fahli, FAR Rabat,Botola, LW,Morocco,,yes,Botola,28,73,3.602,,,,,
 A. Maher, FUS Rabat,Botola, CM,Morocco,,yes,Botola,28,63,1.45,,,,,
 M. Moufid, Wydad Casablanca,Botola, RB,Morocco,,yes,Botola,26,69,2.771,,,,,
 I. Riahi, RS Berkane,Botola, RW,Morocco,,yes,Botola,25,69,3.775,,,,,
 S. Chihab, Maghreb Fes,Botola, GK,Morocco,,yes,Botola,33,69,0.944,,,,,
 O. Lamlioui, RS Berkane,Botola, ST,Morocco,,yes,Botola,30,73,2.648,,,,,
 M. Boulacsout, Raja Casablanca,Botola, RB,Morocco,,yes,Botola,27,73,3.569,,,,,
 A. Tine, Renaissance Zemamra,Botola, RB,Morocco,,yes,Botola,33,60,0.389,,,,,
 M. Harrar, Raja Casablanca,Botola, GK,Morocco,,yes,Botola,25,69,1.795,,,,,
 A. Assal, RS Berkane,Botola, CB,Morocco,,yes,Botola,27,69,2.599,,,,,
 Zakaria Bahrou, Renaissance Zemamra,Botola, ST,Morocco,,yes,Botola,29,67,0.324,,,,,
 Y. El Motie, Olympic Safi,Botola, GK,Morocco,,yes,Botola,31,61,1.329,,,,,
 Mohamed Radouani, Renaissance Zemamra,Botola, CM,Morocco,,yes,Botola,36,60,0.072,,,,,
 H. Ait Allal, Maghreb Fes,Botola, RB,Morocco,,yes,Botola,26,61,0.968,,,,,
 A. Lamirat, Wydad Casablanca,Botola, DM,Morocco,,yes,Botola,28,69,2.534,,,,,
 Y. Mehri, RS Berkane,Botola, LW,Morocco,,yes,Botola,26,76,5.87,,,,,
 H. El Janati, Kawkab Marrakech,Botola, RW,Morocco,,yes,Botola,27,66,2.719,,,,,
 Haytam Manaout, RS Berkane,Botola, RB,Morocco,,yes,Botola,24,70,3.471,,,,,
 A. El Wafi, Wydad Casablanca,Botola, CB,Morocco,,yes,Botola,21,63,6.4,,,,,
 E. Boukhriss, RS Berkane,Botola, RB,Morocco,,yes,Botola,26,62,1.421,,,,,
 Oussama Soukhane, FUS Rabat,Botola, LB,Morocco,,yes,Botola,27,68,2.084,,,,,
 Bilal El Ouadghiri, Ittihad Tanger,Botola, CB,Morocco,,yes,Botola,24,66,2.619,,,,,
 Afsal Hamza, Maghreb Fes,Botola, CM,Morocco,,yes,Botola,29,62,1.741,,,,,
 Soufiane Benjdida, Maghreb Fes,Botola, ST,Morocco,,yes,Botola,24,64,2.019,,,,,
 S. Moussadak, Wydad Casablanca,Botola, CB,Morocco,,yes,Botola,27,61,1.613,,,,,
 M. Ashabi, Al Shorta,Botola, CB,Morocco,,yes,Botola,28,62,1.051,,,,,
 R. Ait Lemkadem, UTS Rabat,Botola, LWB,Morocco,,yes,Botola,28,62,1.295,,,,,
 F. Karmoune, Olympic Safi,Botola, RB,Morocco,,yes,Botola,29,61,0.782,,,,,
A. Hafidi, Kawkab Marrakech,Botola, LW,Morocco,,yes,Botola, 34, -,0.069,,,,,
 M. Fouzair, UTS Rabat,Botola, RW,Morocco,,yes,Botola, 34, -,0.151,,,,,
 H. Dahmani, Kawkab Marrakech,Botola, CM,Morocco,,yes,Botola, 32, -,0.001,,,,,
 Ahmed Azmi, Ittihad Tanger,Botola, GK,Morocco,,yes,Botola, 23, -,0.012,,,,,
 J. Rhabra, Ittihad Tanger,Botola, ST,Morocco,,yes,Botola, 31, -,0.053,,,,,
 H. Antara, Hassania Agadir,Botola, GK,Morocco,,yes,Botola, 19, -,0.001,,,,,
 Omar El Khattab, FAR Rabat,Botola, CB,Morocco,,yes,Botola, 19, -,0.01,,,,,
 S. Akaaba, Renaissance Zemamra,Botola, ST,Morocco,,yes,Botola, 25, -,0.001,,,,,
 Saad Lotfi, UTS Rabat,Botola, ST,Morocco,,yes,Botola, 18, -,0.001,,,,,
 Ahmed Ait Ouzogar, RS Berkane,Botola, CB,Morocco,,yes,Botola, -, 26,0.001,,,,,
 Mounir Fouiraoui, RS Berkane,Botola, CM,Morocco,,yes,Botola, 20, 26,0.001,,,,,
 Aymen Rahli, RS Berkane,Botola, GK,Morocco,,yes,Botola, 20, 26,0.001,,,,,
 M. Handouz, RS Berkane,Botola, CM,Morocco,,yes,Botola, -, 26,0.001,,,,,
 H. El Hainouni, RS Berkane,Botola, GK,Morocco,,yes,Botola, -, 26,0.001,,,,,
 Omar Ouddah, Olympique Dcheïra,Botola, CM,Morocco,,yes,Botola, 27, 26,0.001,,,,,
 Driss Janah, Raja Casablanca,Botola, CM,Morocco,,yes,Botola, 22, 26,0.001,,,,,
 Hicham Maayou, Olympique Dcheïra,Botola, CM,Morocco,,yes,Botola, -, 26,0.001,,,,,
 Moustapha Amzil, Olympique Dcheïra,Botola, ST,Morocco,,yes,Botola, -, 26,0.001,,,,,
 Khalid Raiss, Olympique Dcheïra,Botola, CM,Morocco,,yes,Botola, 23, 26,0.001,,,,,
 Walid Mahrous, RS Berkane,Botola, CM,Morocco,,yes,Botola, 21, 26,0.001,,,,,
 Mohamed Tahiri, Renaissance Zemamra,Botola, CM,Morocco,,yes,Botola, 23, 26,0.001,,,,,
 Zineddine Bouyi, Kawkab Marrakech,Botola, CM,Morocco,,yes,Botola, -, 26,0.001,,,,,
 Mohamed Ait Ourehbi, Kawkab Marrakech,Botola, CM,Morocco,,yes,Botola, 23, 26,0.001,,,,,
 Ahmed Zouaq, FUS Rabat,Botola, CB,Morocco,,yes,Botola, 24, 26,0.001,,,,,
 Hamza Qassouh, Kawkab Marrakech,Botola, CB,Morocco,,yes,Botola, 23, 26,0.001,,,,,
 Brahim Ben Saber, Raja Casablanca,Botola, CM,Morocco,,yes,Botola, 22, 26,0.001,,,,,
 Soufiane Benhaida, Raja Casablanca,Botola, CM,Morocco,,yes,Botola, 20, 26,0.001,,,,,
 Abdelghafour Gourari, RS Berkane,Botola, ST,Morocco,,yes,Botola, 17, 26,0.001,,,,,
 Mohammed Hmad, UTS Rabat,Botola, CM,Morocco,,yes,Botola, 21, 26,0.001,,,,,
 Wail Benfares, COD Meknes,Botola, CM,Morocco,,yes,Botola, -, 26,0.001,,,,,
 Youssef El Haddad, COD Meknes,Botola, CM,Morocco,,yes,Botola, -, 26,0.001,,,,,
 Oussama Smaali, COD Meknes,Botola, CM,Morocco,,yes,Botola, -, 26,0.001,,,,,
 Badr Rachouq, Wydad Casablanca,Botola, CM,Morocco,,yes,Botola, -, 26,0.001,,,,,
 Anas Salmi, Wydad Casablanca,Botola, CB,Morocco,,yes,Botola, 21, 26,0.001,,,,,
 Aymen El Jaafary, Wydad Casablanca,Botola, GK,Morocco,,yes,Botola, 21, 26,0.001,,,,,
 Aymen Elhaou, Renaissance Zemamra,Botola, CM,Morocco,,yes,Botola, -, 26,0.001,,,,,
 Othmane Boudfiri, Hassania Agadir,Botola, -,Morocco,,yes,Botola, 21, 26,0.001,,,,,
 Reda Hanane, RS Berkane,Botola, CB,Morocco,,yes,Botola, -, 26,0.001,,,,,
 Yassir Ed-Drief, RS Berkane,Botola, CM,Morocco,,yes,Botola, -, 26,0.001,,,,,
 Youssef Chirra, RS Berkane,Botola, CM,Morocco,,yes,Botola, -, 26,0.001,,,,,
 Ayman El Ghazi, RS Berkane,Botola, CM,Morocco,,yes,Botola, -, 26,0.001,,,,,
 Soulaiman Arafa, Olympic Safi,Botola, CM,Morocco,,yes,Botola, 20, 26,0.001,,,,,
 Wassim Ouarab, FUS Rabat,Botola, CM,Morocco,,yes,Botola, 20, 26,0.001,,,,,
 Siraj Benzahra, FUS Rabat,Botola, CM,Morocco,,yes,Botola, -, 26,0.001,,,,,
 Aymen Mrabit, FUS Rabat,Botola, CB,Morocco,,yes,Botola, 20, 26,0.001,,,,,
 W. El Hani, FUS Rabat,Botola, LB,Morocco,,yes,Botola, 18, 26,0.001,,,,,
 Youssef Mouktad, FUS Rabat,Botola, ST,Morocco,,yes,Botola, -, 26,0.001,,,,,
 Soufiane Madkour, Raja Casablanca,Botola, CM,Morocco,,yes,Botola, 20, 26,0.001,,,,,
 Anas Mahzoum, Raja Casablanca,Botola, CM,Morocco,,yes,Botola, -, 26,0.001,,,,,
 Ayoub Dhaimi, Raja Casablanca,Botola, GK,Morocco,,yes,Botola, 20, 26,0.001,,,,,
 El Mehdi, Olympic Safi,Botola, GK,Morocco,,yes,Botola, -, 26,0.001,,,,,
 El Houcine Chmamri, Wydad Casablanca,Botola, CB,Morocco,,yes,Botola, 20, 26,0.001,,,,,
 Oussama Rafik, Wydad Casablanca,Botola, CM,Morocco,,yes,Botola, 20, 26,0.001,,,,,
 Azelaarab Bdaa, Wydad Casablanca,Botola, GK,Morocco,,yes,Botola, 19, 26,0.001,,,,,
 Ilyass Boudarga, Wydad Casablanca,Botola, CM,Morocco,,yes,Botola, 20, 26,0.001,,,,,
 Hamza Jdiya, Wydad Casablanca,Botola, CM,Morocco,,yes,Botola, -, 26,0.001,,,,,
 Sofiane El Moutaouakkel, Wydad Casablanca,Botola, CM,Morocco,,yes,Botola, -, 26,0.001,,,,,
 Mohamed Lbjaoui, Wydad Casablanca,Botola, CM,Morocco,,yes,Botola, 19, 26,0.001,,,,,
 Najib Ait Ihia, Wydad Casablanca,Botola, CM,Morocco,,yes,Botola, -, 26,0.001,,,,,
 Abderrahman Habib Rabi, Kawkab Marrakech,Botola, CM,Morocco,,yes,Botola, 17, 26,0.001,,,,,
 Abdullah Hachloufi, RS Berkane,Botola, CB,Morocco,,yes,Botola, -, 26,0.001,,,,,
 Ahmed Naiba, UTS Rabat,Botola, CM,Morocco,,yes,Botola, 22, 26,0.001,,,,,
 Issam Bouali, Olympique Dcheïra,Botola, CM,Morocco,,yes,Botola, -, 26,0.001,,,,,
 Sami Zagdouni, COD Meknes,Botola, ST,Morocco,,yes,Botola, -, 26,0.001,,,,,
 Mrabet, Ittihad Tanger,Botola, -,Morocco,,yes,Botola, -, -,0.001,,,,,
 Mohamed Makaassi, Raja Casablanca,Botola, -,Morocco,,yes,Botola, -, -,0.001,,,,,
 Anas Mkhair, Olympic Safi,Botola, CM,Morocco,,yes,Botola, 23, 26,0.005,,,,,
 A. Sahnoune, Hassania Agadir,Botola, CB,Morocco,,yes,Botola, 19, -,0.0,,,,,
 E. Eclides, Hassania Agadir,Botola, -,Morocco,,yes,Botola, -, -,0.0,,,,,
 S. El Lamrany, Hassania Agadir,Botola, CB,Morocco,,yes,Botola, 29, -,0.0,,,,,
 Anass Mostakime, Difaâ El Jadida,Botola, -,Morocco,,yes,Botola, 22, -,0.001,,,,,
 Anass Mostakim, Difaâ El Jadida,Botola, CM,Morocco,,yes,Botola, 22, 26,0.001,,,,,
 El Abdi, Kawkab Marrakech,Botola, -,Morocco,,yes,Botola, -, -,0.0,,,,,
 Yahya Iguiz, Raja Casablanca,Botola, ST,Morocco,,yes,Botola, 17, -,0.001,,,,,
 Aymen Riyane, Difaâ El Jadida,Botola, CB,Morocco,,yes,Botola, -, -,0.0,,,,,
 Akram Tali, Ittihad Tanger,Botola, CM,Morocco,,yes,Botola, -, -,0.0,,,,,
 N. Tahiri, Renaissance Zemamra,Botola, CM,Morocco,,yes,Botola, -, -,0.0,,,,,
 S. Akaba, Renaissance Zemamra,Botola, -,Morocco,,yes,Botola, -, -,0.0,,,,,
 Saad Karouat, Ittihad Tanger,Botola, CB,Morocco,,yes,Botola, -, -,0.0,,,,,
 M. El Handouz, RS Berkane,Botola, -,Morocco,,yes,Botola, -, -,0.0,,,,,
Ilias Boumassaoudi,Morocco U20,U20 International,LW,Morocco,,yes,U20,,,,33.0,-,-,,
Smail Bakhty,Morocco U20,U20 International,CB,Morocco,,yes,U20,,,,99.0,-,-,,
Fouad Zahouani,Morocco U20,U20 International,LB,Morocco,,yes,U20,,,,99.0,-,-,,
Gessime Yassine,Morocco U20,U20 International,RW,Morocco,,yes,U20,,,,88.0,1,1,,
Naim Byar,Morocco U20,U20 International,CM,Morocco,,yes,U20,,,,11.0,-,-,,
Ismaël Baouf,Morocco U20,U20 International,CB,Morocco,,yes,U20,,,,99.0,-,-,,
Yanis Benchaouch,Morocco U20,U20 International,GK,Morocco,,yes,U20,,,,99.0,-,-,,
Othmane Maamma,Morocco U20,U20 International,RW,Morocco,,yes,U20,,,,75.0,-,1,,
Yassine Khalifi,Morocco U20,U20 International,CM,Morocco,,yes,U20,,,,88.0,-,-,,
Ali Maamar,Morocco U20,U20 International,RB,Morocco,,yes,U20,,,,99.0,-,-,,
Anas Tajaouart,Morocco U20,U20 International,CM,Morocco,,yes,U20,,,,24.0,-,-,,
Saad El Haddad,Morocco U20,U20 International,CAM,Morocco,,yes,U20,,,,75.0,-,-,,
Taha Majni,Morocco U20,U20 International,CB,Morocco,,yes,U20,,,,11.0,-,-,,
Hossam Essadak,Morocco U20,U20 International,CM,Morocco,,yes,U20,,,,99.0,-,-,,
Younes El Bahraoui,Morocco U20,U20 International,ST,Morocco,,yes,U20,,,,24.0,-,-,,
Mohammed Hamony,Morocco U20,U20 International,LW,Morocco,,yes,U20,,,,36.0,-,-,,
Ilyass Mahsoub,Morocco U20,U20 International,RB,Morocco,,yes,U20,,,,99.0,-,-,,
Ibrahim Gomis,Morocco U20,U20 International,GK,Morocco,,yes,U20,,,,99.0,-,-,,
Mohammed Kebdani,Morocco U20,U20 International,CB,Morocco,,yes,U20,,,,77.0,-,-,,
Hakim Mesbahi,Morocco U20,U20 International,GK,Morocco,,yes,U20,,,,1.0,-,-,,
Bono,Morocco,AFCON,GK,Morocco,,yes,AFCON,,,,,,,0.0,-
Adam Masina,Morocco,AFCON,CB,Morocco,,yes,AFCON,,,,,,,0.0,-
Noussair Mazraoui,Morocco,AFCON,RB,Morocco,,yes,AFCON,,,,,,,0.0,-
Nayef Aguerd,Morocco,AFCON,CB,Morocco,,yes,AFCON,,,,,,,0.39,2
Achraf Hakimi,Morocco,AFCON,RB,Morocco,,yes,AFCON,,,,,,,0.0,1
Jawad El Yamiq,Morocco,AFCON,CB,Morocco,,yes,AFCON,,,,,,,0.46,2
Youssef En-Nesyri,Morocco,AFCON,ST,Morocco,,yes,AFCON,,,,,,,0.05,1
Anass Salah-Eddine,Morocco,AFCON,LB,Morocco,,yes,AFCON,,,,,,,0.0,-
Ayoub El Kaabi,Morocco,AFCON,ST,Morocco,,yes,AFCON,,,,,,,0.35,2
Oussama Targhalline,Morocco,AFCON,DM,Morocco,,yes,AFCON,,,,,,,0.0,-
Ilias Akhomach,Morocco,AFCON,RW,Morocco,,yes,AFCON,,,,,,,0.07,1
Ismael Saibari,Morocco,AFCON,CM,Morocco,,yes,AFCON,,,,,,,0.09,3
Bilal El Khannouss,Morocco,AFCON,CAM,Morocco,,yes,AFCON,,,,,,,0.0,-
Ez Abde,Morocco,AFCON,LW,Morocco,,yes,AFCON,,,,,,,0.3,3
Hamza Igamane,Morocco,AFCON,ST,Morocco,,yes,AFCON,,,,,,,0.0,-
Neil El Aynaoui,Morocco,AFCON,CM,Morocco,,yes,AFCON,,,,,,,0.17,2
Alex Iwobi,Morocco,AFCON,LW,Morocco,,yes,AFCON,,,,,,,0.0,-
Semi Ajayi,Morocco,AFCON,CB,Morocco,,yes,AFCON,,,,,,,0.0,-
Paul Onuachu,Morocco,AFCON,ST,Morocco,,yes,AFCON,,,,,,,0.0,-
Moses Simon,Morocco,AFCON,LW,Morocco,,yes,AFCON,,,,,,,0.0,-
Bright Osayi-Samuel,Morocco,AFCON,RB,Morocco,,yes,AFCON,,,,,,,0.0,-
Samuel Chukwueze,Morocco,AFCON,RW,Morocco,,yes,AFCON,,,,,,,0.0,-
Victor Osimhen,Morocco,AFCON,ST,Morocco,,yes,AFCON,,,,,,,0.0,-
Ademola Lookman,Morocco,AFCON,CAM,Morocco,,yes,AFCON,,,,,,,0.01,1
Frank Onyeka,Morocco,AFCON,CM,Morocco,,yes,AFCON,,,,,,,0.0,-
Fisayo Dele-Bashiru,Morocco,AFCON,CAM,Morocco,,yes,AFCON,,,,,,,0.0,-
Calvin Bassey,Morocco,AFCON,CB,Morocco,,yes,AFCON,,,,,,,0.0,-
Akor Adams,Morocco,AFCON,ST,Morocco,,yes,AFCON,,,,,,,0.0,-
B. Onyemaechi,Morocco,AFCON,LB,Morocco,,yes,AFCON,,,,,,,0.0,-
Raphael Onyedika,Morocco,AFCON,DM,Morocco,,yes,AFCON,,,,,,,0.04,1
Stanley Nwabali,Morocco,AFCON,GK,Morocco,,yes,AFCON,,,,,,,0.0,-
Eliesse Ben Seghir,Morocco,AFCON,LW,Morocco,,yes,AFCON,,,,,,,0.0,-
Sofyan Amrabat,Morocco,AFCON,DM,Morocco,,yes,AFCON,,,,,,,0.0,-
Soufiane Rahimi,Morocco,AFCON,LW,Morocco,,yes,AFCON,,,,,,,0.0,-
Romain Saïss,Morocco,AFCON,CB,Morocco,,yes,AFCON,,,,,,,0.0,-
Azzedine Ounahi,Morocco,AFCON,CM,Morocco,,yes,AFCON,,,,,,,0.03,1
Lassana Coulibaly,Morocco,AFCON,CM,Morocco,,yes,AFCON,,,,,,,0.03,1
Djigui Diarra,Morocco,AFCON,GK,Morocco,,yes,AFCON,,,,,,,0.0,-
Yves Bissouma,Morocco,AFCON,DM,Morocco,,yes,AFCON,,,,,,,0.0,-
Aliou Dieng,Morocco,AFCON,DM,Morocco,,yes,AFCON,,,,,,,0.0,-
Woyo Coulibaly,Morocco,AFCON,RB,Morocco,,yes,AFCON,,,,,,,0.0,-
Abdoulaye Diaby,Morocco,AFCON,CB,Morocco,,yes,AFCON,,,,,,,0.0,-
Lassine Sinayoko,Morocco,AFCON,ST,Morocco,,yes,AFCON,,,,,,,0.76,2
El Touré,Morocco,AFCON,ST,Morocco,,yes,AFCON,,,,,,,0.0,-
Nene Dorgeles,Morocco,AFCON,RW,Morocco,,yes,AFCON,,,,,,,0.0,-
Nathan Gassama,Morocco,AFCON,CB,Morocco,,yes,AFCON,,,,,,,0.0,-
Mamadou Sangare,Morocco,AFCON,CM,Morocco,,yes,AFCON,,,,,,,0.0,1
Ousmane Camara,Morocco,AFCON,CB,Morocco,,yes,AFCON,,,,,,,0.0,-
Kamory Doumbia,Morocco,AFCON,CAM,Morocco,,yes,AFCON,,,,,,,0.0,-
Mahamadou Doumbia,Morocco,AFCON,CM,Morocco,,yes,AFCON,,,,,,,0.0,-
Gaoussou Diarra,Morocco,AFCON,LW,Morocco,,yes,AFCON,,,,,,,0.0,1
Chemsdine Talbi,Morocco,AFCON,RW,Morocco,,yes,AFCON,,,,,,,0.0,-
Mohamed Chibi,Morocco,AFCON,RB,Morocco,,yes,AFCON,,,,,,,0.0,-
